scenario,base_scenario,replicate,seed,burn_in_deaths,analyzed_target_deaths,total_deaths_simulated,n_observed_deaths_analyzed,stopped_by_target,burn_in_time,raw_final_time,total_time_for_analyzed_1000_deaths_after_burnin,observed_death_rate_after_burnin,mean_inter_death_time_after_burnin,median_inter_death_time_after_burnin,accepted_activations_total,activation_candidates,death_candidates,activation_rejected,death_rejected,active_center_expirations,erk_zone_expirations,all_proposals,spatial_bins_per_axis_for_plot,t_zone_area,outside_t_zone_area,t_zone_observed_deaths,outside_t_zone_observed_deaths,t_zone_observed_fraction,t_zone_area_fraction,t_zone_death_density,outside_t_zone_death_density,t_zone_density_ratio,t_zone_binomial_test_k,t_zone_binomial_test_n,t_zone_binomial_null_probability_area_fraction,t_zone_binomial_observed_fraction,t_zone_binomial_p_value_greater,t_zone_binomial_significant_0p05,lambda_a_1,lambda_a_T,lambda_a_c,lambda_a_T_over_lambda_a_c,lambda_d,beta_a_R,beta_a_T,beta_d_R,beta_d_T
deathERK_ld0p5_bdR1p0_bdT0p4__rep01,deathERK_ld0p5_bdR1p0_bdT0p4,1,1001,500,1000,1500,1000,True,96.42586174950256,322.7118669502515,226.28600520074892,4.419186237844683,0.22628600520074893,0.13280623368132183,51279,162706,16094,111427,14594,51214,1496,231510,20,44.44444444444445,55.55555555555555,590,410,0.59,0.4444444444444445,13.274999999999999,7.380000000000001,1.7987804878048776,590,1000,0.4444444444444445,0.59,1.8383335117437698e-20,True,5.0,0.5,0.005,100.0,0.5,2.5,3.0,1.0,0.4
deathERK_ld0p5_bdR1p0_bdT0p4__rep02,deathERK_ld0p5_bdR1p0_bdT0p4,2,1002,500,1000,1500,1000,True,103.65849547506551,298.50628977087274,194.84779429580723,5.132211034844228,0.19484779429580723,0.1154208245325492,45233,149666,14982,104433,13482,45208,1489,211345,20,44.44444444444445,55.55555555555555,598,402,0.598,0.4444444444444445,13.454999999999998,7.236000000000001,1.8594527363184075,598,1000,0.4444444444444445,0.598,1.4171603488829819e-22,True,5.0,0.5,0.005,100.0,0.5,2.5,3.0,1.0,0.4
deathERK_ld0p5_bdR1p0_bdT0p4__rep03,deathERK_ld0p5_bdR1p0_bdT0p4,3,1003,500,1000,1500,1000,True,103.56712877967256,320.1715592147569,216.60443043508434,4.616710738516943,0.21660443043508434,0.11436892155123246,49478,160795,16168,111317,14668,49403,1480,227846,20,44.44444444444445,55.55555555555555,598,402,0.598,0.4444444444444445,13.454999999999998,7.236000000000001,1.8594527363184075,598,1000,0.4444444444444445,0.598,1.4171603488829819e-22,True,5.0,0.5,0.005,100.0,0.5,2.5,3.0,1.0,0.4
deathERK_ld0p5_bdR1p0_bdT0p4__rep04,deathERK_ld0p5_bdR1p0_bdT0p4,4,1004,500,1000,1500,1000,True,90.57032726675786,316.44013260331155,225.8698053365537,4.4273292683365355,0.2258698053365537,0.12609580947567167,47217,158053,15906,110836,14406,47153,1479,222591,20,44.44444444444445,55.55555555555555,608,392,0.608,0.4444444444444445,13.679999999999998,7.056000000000001,1.9387755102040811,608,1000,0.4444444444444445,0.608,2.234072913876237e-25,True,5.0,0.5,0.005,100.0,0.5,2.5,3.0,1.0,0.4
deathERK_ld0p5_bdR1p0_bdT0p4__rep05,deathERK_ld0p5_bdR1p0_bdT0p4,5,1005,500,1000,1500,1000,True,135.94016350722862,346.51878948680894,210.57862597958032,4.7488200445232716,0.21057862597958033,0.12338624902480433,51782,173413,17371,121631,15871,51724,1486,243994,20,44.44444444444445,55.55555555555555,590,410,0.59,0.4444444444444445,13.274999999999999,7.380000000000001,1.7987804878048776,590,1000,0.4444444444444445,0.59,1.8383335117437698e-20,True,5.0,0.5,0.005,100.0,0.5,2.5,3.0,1.0,0.4
deathERK_ld0p5_bdR1p0_bdT0p8__rep01,deathERK_ld0p5_bdR1p0_bdT0p8,1,1001,500,1000,1500,1000,True,74.77028934385761,231.79584621828366,157.02555687442606,6.368390088243431,0.15702555687442607,0.09255874567195121,36905,116874,11797,79969,10297,36860,1493,167024,20,44.44444444444445,55.55555555555555,604,396,0.604,0.4444444444444445,13.589999999999998,7.128000000000001,1.9065656565656561,604,1000,0.4444444444444445,0.604,3.1016796839000188e-24,True,5.0,0.5,0.005,100.0,0.5,2.5,3.0,1.0,0.8
deathERK_ld0p5_bdR1p0_bdT0p8__rep02,deathERK_ld0p5_bdR1p0_bdT0p8,2,1002,500,1000,1500,1000,True,78.65230724901451,259.17104824095696,180.51874099194245,5.5395910391632714,0.18051874099194246,0.10287837530968602,37599,129932,12948,92333,11448,37526,1490,181896,20,44.44444444444445,55.55555555555555,684,316,0.684,0.4444444444444445,15.389999999999999,5.688000000000001,2.705696202531645,684,1000,0.4444444444444445,0.684,9.86935278939553e-53,True,5.0,0.5,0.005,100.0,0.5,2.5,3.0,1.0,0.8
deathERK_ld0p5_bdR1p0_bdT0p8__rep03,deathERK_ld0p5_bdR1p0_bdT0p8,3,1003,500,1000,1500,1000,True,79.32085321134932,242.78302019990576,163.46216698855645,6.1176235359097335,0.16346216698855645,0.09287010336916524,36859,121095,12049,84236,10549,36812,1491,171447,20,44.44444444444445,55.55555555555555,641,359,0.641,0.4444444444444445,14.422499999999998,6.462000000000001,2.2318941504178267,641,1000,0.4444444444444445,0.641,6.447965154600049e-36,True,5.0,0.5,0.005,100.0,0.5,2.5,3.0,1.0,0.8
deathERK_ld0p5_bdR1p0_bdT0p8__rep04,deathERK_ld0p5_bdR1p0_bdT0p8,4,1004,500,1000,1500,1000,True,85.38950371984008,232.72347381638338,147.33397009654328,6.787300982555019,0.14733397009654328,0.0847402578744294,35284,116409,11685,81125,10185,35209,1489,164792,20,44.44444444444445,55.55555555555555,600,400,0.6,0.4444444444444445,13.499999999999998,7.200000000000001,1.8749999999999996,600,1000,0.4444444444444445,0.6,4.030108246722848e-23,True,5.0,0.5,0.005,100.0,0.5,2.5,3.0,1.0,0.8
deathERK_ld0p5_bdR1p0_bdT0p8__rep05,deathERK_ld0p5_bdR1p0_bdT0p8,5,1005,500,1000,1500,1000,True,70.16208438134973,217.0492851609684,146.88720077961867,6.807945108167348,0.14688720077961867,0.0929477241507044,34057,108294,10769,74237,9269,33978,1490,154531,20,44.44444444444445,55.55555555555555,617,383,0.617,0.4444444444444445,13.882499999999999,6.894000000000001,2.0137075718015662,617,1000,0.4444444444444445,0.617,4.705939660046994e-28,True,5.0,0.5,0.005,100.0,0.5,2.5,3.0,1.0,0.8
deathERK_ld0p5_bdR1p0_bdT1p6__rep01,deathERK_ld0p5_bdR1p0_bdT1p6,1,1001,500,1000,1500,1000,True,62.0594106165803,182.19807667093076,120.13866605435047,8.32371486085589,0.12013866605435046,0.07153739770122769,28419,91777,8988,63358,7488,28348,1489,130602,20,44.44444444444445,55.55555555555555,656,344,0.656,0.4444444444444445,14.759999999999998,6.192000000000001,2.3837209302325575,656,1000,0.4444444444444445,0.656,2.2299942616562447e-41,True,5.0,0.5,0.005,100.0,0.5,2.5,3.0,1.0,1.6
deathERK_ld0p5_bdR1p0_bdT1p6__rep02,deathERK_ld0p5_bdR1p0_bdT1p6,2,1002,500,1000,1500,1000,True,54.707678974437115,176.66995735334115,121.96227837890403,8.199256469227876,0.12196227837890403,0.07262492362423245,26414,88663,8951,62249,7451,26352,1496,125462,20,44.44444444444445,55.55555555555555,686,314,0.686,0.4444444444444445,15.434999999999999,5.652,2.7308917197452227,686,1000,0.4444444444444445,0.686,1.3308603783045354e-53,True,5.0,0.5,0.005,100.0,0.5,2.5,3.0,1.0,1.6
deathERK_ld0p5_bdR1p0_bdT1p6__rep03,deathERK_ld0p5_bdR1p0_bdT1p6,3,1003,500,1000,1500,1000,True,59.0447253516989,171.96354120118733,112.91881584948842,8.855920003030482,0.11291881584948843,0.06832236127397096,26457,85690,8628,59233,7128,26386,1493,122197,20,44.44444444444445,55.55555555555555,639,361,0.639,0.4444444444444445,14.377499999999998,6.498,2.212603878116343,639,1000,0.4444444444444445,0.639,3.2026514079678003e-35,True,5.0,0.5,0.005,100.0,0.5,2.5,3.0,1.0,1.6
deathERK_ld0p5_bdR1p0_bdT1p6__rep04,deathERK_ld0p5_bdR1p0_bdT1p6,4,1004,500,1000,1500,1000,True,59.59141314129655,178.84095812110337,119.24954497980681,8.385776232264329,0.11924954497980683,0.07133194294856082,27812,89425,8887,61613,7387,27755,1495,127562,20,44.44444444444445,55.55555555555555,649,351,0.649,0.4444444444444445,14.602499999999997,6.3180000000000005,2.3112535612535607,649,1000,0.4444444444444445,0.649,8.909829087160422e-39,True,5.0,0.5,0.005,100.0,0.5,2.5,3.0,1.0,1.6
deathERK_ld0p5_bdR1p0_bdT1p6__rep05,deathERK_ld0p5_bdR1p0_bdT1p6,5,1005,500,1000,1500,1000,True,62.63019176974382,168.53958997020843,105.90939820046461,9.442032690122614,0.1059093982004646,0.06541712327483395,26901,84157,8454,57256,6954,26855,1493,120959,20,44.44444444444445,55.55555555555555,594,406,0.594,0.4444444444444445,13.364999999999998,7.308000000000001,1.8288177339901475,594,1000,0.4444444444444445,0.594,1.667923283410924e-21,True,5.0,0.5,0.005,100.0,0.5,2.5,3.0,1.0,1.6
deathERK_ld0p5_bdR2p0_bdT0p4__rep01,deathERK_ld0p5_bdR2p0_bdT0p4,1,1001,500,1000,1500,1000,True,70.57253652934675,189.2800867105771,118.70755018123036,8.424063999916633,0.11870755018123036,0.07243458942271985,29716,95297,9426,65581,7926,29672,1489,135884,20,44.44444444444445,55.55555555555555,649,351,0.649,0.4444444444444445,14.602499999999997,6.3180000000000005,2.3112535612535607,649,1000,0.4444444444444445,0.649,8.909829087160422e-39,True,5.0,0.5,0.005,100.0,0.5,2.5,3.0,2.0,0.4
deathERK_ld0p5_bdR2p0_bdT0p4__rep02,deathERK_ld0p5_bdR2p0_bdT0p4,2,1002,500,1000,1500,1000,True,58.300449718585114,185.03743371696316,126.73698399837805,7.8903566145522115,0.12673698399837804,0.07829896218719767,28297,92686,9297,64389,7797,28239,1476,131698,20,44.44444444444445,55.55555555555555,659,341,0.659,0.4444444444444445,14.827499999999999,6.138000000000001,2.4156891495601167,659,1000,0.4444444444444445,0.659,1.6021175079255092e-42,True,5.0,0.5,0.005,100.0,0.5,2.5,3.0,2.0,0.4
deathERK_ld0p5_bdR2p0_bdT0p4__rep03,deathERK_ld0p5_bdR2p0_bdT0p4,3,1003,500,1000,1500,1000,True,64.24018093994218,189.9322558925259,125.69207495258371,7.955951084244903,0.12569207495258372,0.0791877256835889,27191,94908,9572,67717,8072,27156,1478,133114,20,44.44444444444445,55.55555555555555,647,353,0.647,0.4444444444444445,14.557499999999997,6.354000000000001,2.291076487252124,647,1000,0.4444444444444445,0.647,4.743272118093244e-38,True,5.0,0.5,0.005,100.0,0.5,2.5,3.0,2.0,0.4
deathERK_ld0p5_bdR2p0_bdT0p4__rep04,deathERK_ld0p5_bdR2p0_bdT0p4,4,1004,500,1000,1500,1000,True,57.424554443586985,165.84571189486277,108.42115745127579,9.223292053946183,0.10842115745127578,0.06694236131406228,28245,82966,8333,54721,6833,28194,1478,120971,20,44.44444444444445,55.55555555555555,607,393,0.607,0.4444444444444445,13.657499999999999,7.074000000000001,1.9306615776081422,607,1000,0.4444444444444445,0.607,4.339368811735295e-25,True,5.0,0.5,0.005,100.0,0.5,2.5,3.0,2.0,0.4
deathERK_ld0p5_bdR2p0_bdT0p4__rep05,deathERK_ld0p5_bdR2p0_bdT0p4,5,1005,500,1000,1500,1000,True,59.56952912980907,178.6777478107592,119.10821868095013,8.395726265360876,0.11910821868095013,0.07240940302504129,27899,88942,9065,61043,7565,27853,1484,127344,20,44.44444444444445,55.55555555555555,608,392,0.608,0.4444444444444445,13.679999999999998,7.056000000000001,1.9387755102040811,608,1000,0.4444444444444445,0.608,2.234072913876237e-25,True,5.0,0.5,0.005,100.0,0.5,2.5,3.0,2.0,0.4
deathERK_ld0p5_bdR2p0_bdT0p8__rep01,deathERK_ld0p5_bdR2p0_bdT0p8,1,1001,500,1000,1500,1000,True,56.489384905089324,149.62239208961321,93.13300718452389,10.737331803521664,0.09313300718452389,0.054100823256405306,23027,75286,7588,52259,6088,22962,1481,107317,20,44.44444444444445,55.55555555555555,617,383,0.617,0.4444444444444445,13.882499999999999,6.894000000000001,2.0137075718015662,617,1000,0.4444444444444445,0.617,4.705939660046994e-28,True,5.0,0.5,0.005,100.0,0.5,2.5,3.0,2.0,0.8
deathERK_ld0p5_bdR2p0_bdT0p8__rep02,deathERK_ld0p5_bdR2p0_bdT0p8,2,1002,500,1000,1500,1000,True,53.402769822688924,162.19601907858566,108.79324925589674,9.191746793478536,0.10879324925589674,0.06685505762811061,23194,81151,8259,57957,6759,23107,1473,113990,20,44.44444444444445,55.55555555555555,661,339,0.661,0.4444444444444445,14.872499999999999,6.102,2.437315634218289,661,1000,0.4444444444444445,0.661,2.708210341407194e-43,True,5.0,0.5,0.005,100.0,0.5,2.5,3.0,2.0,0.8
deathERK_ld0p5_bdR2p0_bdT0p8__rep03,deathERK_ld0p5_bdR2p0_bdT0p8,3,1003,500,1000,1500,1000,True,58.538934362114524,161.1505380042085,102.61160364209397,9.745486519126711,0.10261160364209397,0.058787281534879554,23780,80924,8121,57144,6621,23723,1485,114253,20,44.44444444444445,55.55555555555555,628,372,0.628,0.4444444444444445,14.129999999999999,6.696000000000001,2.1102150537634405,628,1000,0.4444444444444445,0.628,1.587620792900055e-31,True,5.0,0.5,0.005,100.0,0.5,2.5,3.0,2.0,0.8
deathERK_ld0p5_bdR2p0_bdT0p8__rep04,deathERK_ld0p5_bdR2p0_bdT0p8,4,1004,500,1000,1500,1000,True,49.126284808052766,154.36528712920193,105.23900232114917,9.50218054090234,0.10523900232114917,0.06631560672677494,23990,77057,7692,53067,6192,23908,1484,110141,20,44.44444444444445,55.55555555555555,637,363,0.637,0.4444444444444445,14.332499999999998,6.534000000000001,2.1935261707988976,637,1000,0.4444444444444445,0.637,1.5635610104744767e-34,True,5.0,0.5,0.005,100.0,0.5,2.5,3.0,2.0,0.8
deathERK_ld0p5_bdR2p0_bdT0p8__rep05,deathERK_ld0p5_bdR2p0_bdT0p8,5,1005,500,1000,1500,1000,True,52.3496636114997,140.78939095546576,88.43972734396607,11.307135718665538,0.08843972734396607,0.05790441307253502,24127,70511,7137,46384,5637,24044,1487,103179,20,44.44444444444445,55.55555555555555,579,421,0.579,0.4444444444444445,13.027499999999998,7.578000000000001,1.7191211401425173,579,1000,0.4444444444444445,0.579,9.647931141777522e-18,True,5.0,0.5,0.005,100.0,0.5,2.5,3.0,2.0,0.8
deathERK_ld0p5_bdR2p0_bdT1p6__rep01,deathERK_ld0p5_bdR2p0_bdT1p6,1,1001,500,1000,1500,1000,True,47.142046301960015,131.2470438558075,84.10499755384748,11.889899876160852,0.08410499755384748,0.05287655313241402,20897,66324,6623,45427,5123,20873,1493,95313,20,44.44444444444445,55.55555555555555,655,345,0.655,0.4444444444444445,14.737499999999999,6.210000000000001,2.373188405797101,655,1000,0.4444444444444445,0.655,5.317110521938018e-41,True,5.0,0.5,0.005,100.0,0.5,2.5,3.0,2.0,1.6
deathERK_ld0p5_bdR2p0_bdT1p6__rep02,deathERK_ld0p5_bdR2p0_bdT1p6,2,1002,500,1000,1500,1000,True,39.62020315879284,120.57670348134346,80.95650032255062,12.35231261252344,0.08095650032255063,0.05197007959498379,20676,60616,6004,39940,4504,20626,1493,88739,20,44.44444444444445,55.55555555555555,626,374,0.626,0.4444444444444445,14.084999999999999,6.732000000000001,2.0922459893048124,626,1000,0.4444444444444445,0.626,7.055524839515104e-31,True,5.0,0.5,0.005,100.0,0.5,2.5,3.0,2.0,1.6
deathERK_ld0p5_bdR2p0_bdT1p6__rep03,deathERK_ld0p5_bdR2p0_bdT1p6,3,1003,500,1000,1500,1000,True,39.99290168453033,136.11214131532597,96.11923963079565,10.403744389168159,0.09611923963079565,0.06414400131300368,20716,68131,6824,47415,5324,20689,1496,97140,20,44.44444444444445,55.55555555555555,680,320,0.68,0.4444444444444445,15.299999999999999,5.760000000000001,2.6562499999999996,680,1000,0.4444444444444445,0.68,5.136016124067498e-51,True,5.0,0.5,0.005,100.0,0.5,2.5,3.0,2.0,1.6
deathERK_ld0p5_bdR2p0_bdT1p6__rep04,deathERK_ld0p5_bdR2p0_bdT1p6,4,1004,500,1000,1500,1000,True,41.96059037116382,126.4617328096856,84.50114243852178,11.83415952899741,0.08450114243852178,0.05320626853812627,20532,63220,6243,42688,4743,20437,1486,91386,20,44.44444444444445,55.55555555555555,656,344,0.656,0.4444444444444445,14.759999999999998,6.192000000000001,2.3837209302325575,656,1000,0.4444444444444445,0.656,2.2299942616562447e-41,True,5.0,0.5,0.005,100.0,0.5,2.5,3.0,2.0,1.6
deathERK_ld0p5_bdR2p0_bdT1p6__rep05,deathERK_ld0p5_bdR2p0_bdT1p6,5,1005,500,1000,1500,1000,True,41.986044581954694,123.57816289963229,81.5921183176776,12.256085766844734,0.0815921183176776,0.049584083902431075,20051,61580,6166,41529,4666,19991,1491,89228,20,44.44444444444445,55.55555555555555,615,385,0.615,0.4444444444444445,13.837499999999999,6.930000000000001,1.9967532467532463,615,1000,0.4444444444444445,0.615,1.9060059803046098e-27,True,5.0,0.5,0.005,100.0,0.5,2.5,3.0,2.0,1.6
deathERK_ld0p5_bdR4p0_bdT0p4__rep01,deathERK_ld0p5_bdR4p0_bdT0p4,1,1001,500,1000,1500,1000,True,42.871346304674866,131.9947678469562,89.12342154228133,11.220395073427323,0.08912342154228134,0.055334209064785256,19118,66194,6696,47076,5196,19067,1476,93433,20,44.44444444444445,55.55555555555555,696,304,0.696,0.4444444444444445,15.659999999999998,5.472,2.8618421052631575,696,1000,0.4444444444444445,0.696,4.4910209758608334e-58,True,5.0,0.5,0.005,100.0,0.5,2.5,3.0,4.0,0.4
deathERK_ld0p5_bdR4p0_bdT0p4__rep02,deathERK_ld0p5_bdR4p0_bdT0p4,2,1002,500,1000,1500,1000,True,46.44575997311796,133.42750102692887,86.98174105381091,11.49666571265059,0.0869817410538109,0.05429153970423428,19869,66746,6638,46877,5138,19828,1472,94684,20,44.44444444444445,55.55555555555555,627,373,0.627,0.4444444444444445,14.107499999999998,6.714,2.1012064343163535,627,1000,0.4444444444444445,0.627,3.353974594181965e-31,True,5.0,0.5,0.005,100.0,0.5,2.5,3.0,4.0,0.4
deathERK_ld0p5_bdR4p0_bdT0p4__rep03,deathERK_ld0p5_bdR4p0_bdT0p4,3,1003,500,1000,1500,1000,True,47.83470659849818,136.06547981178136,88.23077321328319,11.333914048136773,0.08823077321328318,0.053040338122524844,20939,68037,6709,47098,5209,20871,1465,97082,20,44.44444444444445,55.55555555555555,617,383,0.617,0.4444444444444445,13.882499999999999,6.894000000000001,2.0137075718015662,617,1000,0.4444444444444445,0.617,4.705939660046994e-28,True,5.0,0.5,0.005,100.0,0.5,2.5,3.0,4.0,0.4
deathERK_ld0p5_bdR4p0_bdT0p4__rep04,deathERK_ld0p5_bdR4p0_bdT0p4,4,1004,500,1000,1500,1000,True,43.90069945297863,126.54272580878397,82.64202635580534,12.100380933238736,0.08264202635580534,0.04799427485856356,18994,63260,6353,44266,4853,18929,1476,90018,20,44.44444444444445,55.55555555555555,640,360,0.64,0.4444444444444445,14.399999999999999,6.48,2.222222222222222,640,1000,0.4444444444444445,0.64,1.4401329635180324e-35,True,5.0,0.5,0.005,100.0,0.5,2.5,3.0,4.0,0.4
deathERK_ld0p5_bdR4p0_bdT0p4__rep05,deathERK_ld0p5_bdR4p0_bdT0p4,5,1005,500,1000,1500,1000,True,44.45588150596847,119.22416481207627,74.7682833061078,13.374655078088576,0.07476828330610781,0.04480400317777722,19670,59643,5957,39973,4457,19628,1470,86698,20,44.44444444444445,55.55555555555555,624,376,0.624,0.4444444444444445,14.039999999999997,6.768000000000001,2.0744680851063824,624,1000,0.4444444444444445,0.624,3.082809139451359e-30,True,5.0,0.5,0.005,100.0,0.5,2.5,3.0,4.0,0.4
deathERK_ld0p5_bdR4p0_bdT0p8__rep01,deathERK_ld0p5_bdR4p0_bdT0p8,1,1001,500,1000,1500,1000,True,32.0492697739721,111.08596865036708,79.03669887639498,12.652350290640225,0.07903669887639497,0.04801959660644428,17967,55858,5686,37891,4186,17877,1479,80900,20,44.44444444444445,55.55555555555555,667,333,0.667,0.4444444444444445,15.007499999999999,5.994000000000001,2.5037537537537533,667,1000,0.4444444444444445,0.667,1.1756780501708626e-45,True,5.0,0.5,0.005,100.0,0.5,2.5,3.0,4.0,0.8
deathERK_ld0p5_bdR4p0_bdT0p8__rep02,deathERK_ld0p5_bdR4p0_bdT0p8,2,1002,500,1000,1500,1000,True,34.2750757384353,105.55704077906677,71.28196504063146,14.028793951316993,0.07128196504063146,0.04309767752422644,17699,53013,5267,35314,3767,17662,1490,77432,20,44.44444444444445,55.55555555555555,623,377,0.623,0.4444444444444445,14.017499999999998,6.7860000000000005,2.0656498673740047,623,1000,0.4444444444444445,0.623,6.403222596638276e-30,True,5.0,0.5,0.005,100.0,0.5,2.5,3.0,4.0,0.8
deathERK_ld0p5_bdR4p0_bdT0p8__rep03,deathERK_ld0p5_bdR4p0_bdT0p8,3,1003,500,1000,1500,1000,True,42.918272845539306,117.11230559414591,74.1940327486066,13.478172879324726,0.0741940327486066,0.04696586083537824,18034,58635,5931,40601,4431,17962,1476,84004,20,44.44444444444445,55.55555555555555,666,334,0.666,0.4444444444444445,14.984999999999998,6.0120000000000005,2.49251497005988,666,1000,0.4444444444444445,0.666,2.943517828847755e-45,True,5.0,0.5,0.005,100.0,0.5,2.5,3.0,4.0,0.8
deathERK_ld0p5_bdR4p0_bdT0p8__rep04,deathERK_ld0p5_bdR4p0_bdT0p8,4,1004,500,1000,1500,1000,True,47.8001203847537,127.58880311941938,79.78868273466568,12.533105770469517,0.07978868273466569,0.04766127187411229,17714,63613,6480,45899,4980,17615,1466,89174,20,44.44444444444445,55.55555555555555,656,344,0.656,0.4444444444444445,14.759999999999998,6.192000000000001,2.3837209302325575,656,1000,0.4444444444444445,0.656,2.2299942616562447e-41,True,5.0,0.5,0.005,100.0,0.5,2.5,3.0,4.0,0.8
deathERK_ld0p5_bdR4p0_bdT0p8__rep05,deathERK_ld0p5_bdR4p0_bdT0p8,5,1005,500,1000,1500,1000,True,45.58928867825226,118.0135399200446,72.42425124179233,13.807529699705768,0.07242425124179233,0.046255223470815565,18095,59055,5895,40960,4395,18044,1484,84478,20,44.44444444444445,55.55555555555555,650,350,0.65,0.4444444444444445,14.624999999999998,6.300000000000001,2.3214285714285707,650,1000,0.4444444444444445,0.65,3.8363972659937075e-39,True,5.0,0.5,0.005,100.0,0.5,2.5,3.0,4.0,0.8
deathERK_ld0p5_bdR4p0_bdT1p6__rep01,deathERK_ld0p5_bdR4p0_bdT1p6,1,1001,500,1000,1500,1000,True,34.09487913854859,105.27392977343996,71.17905063489137,14.04907751761736,0.07117905063489137,0.045747211224146156,17278,53244,5274,35966,3774,17164,1485,77167,20,44.44444444444445,55.55555555555555,642,358,0.642,0.4444444444444445,14.444999999999999,6.444000000000001,2.241620111731843,642,1000,0.4444444444444445,0.642,2.8745346235440736e-36,True,5.0,0.5,0.005,100.0,0.5,2.5,3.0,4.0,1.6
deathERK_ld0p5_bdR4p0_bdT1p6__rep02,deathERK_ld0p5_bdR4p0_bdT1p6,2,1002,500,1000,1500,1000,True,38.06234043440314,110.49059023328542,72.42824979888228,13.806767425373188,0.07242824979888228,0.04605095873339948,17642,55186,5596,37544,4096,17580,1485,79847,20,44.44444444444445,55.55555555555555,683,317,0.683,0.4444444444444445,15.367499999999998,5.706,2.6932176656151414,683,1000,0.4444444444444445,0.683,2.669099503440338e-52,True,5.0,0.5,0.005,100.0,0.5,2.5,3.0,4.0,1.6
deathERK_ld0p5_bdR4p0_bdT1p6__rep03,deathERK_ld0p5_bdR4p0_bdT1p6,3,1003,500,1000,1500,1000,True,46.82602590344495,129.00548608495197,82.17946018150701,12.168490737117688,0.08217946018150701,0.05428242878627998,17928,64548,6479,46620,4979,17853,1489,90369,20,44.44444444444445,55.55555555555555,662,338,0.662,0.4444444444444445,14.894999999999998,6.0840000000000005,2.4482248520710055,662,1000,0.4444444444444445,0.662,1.1060792268932456e-43,True,5.0,0.5,0.005,100.0,0.5,2.5,3.0,4.0,1.6
deathERK_ld0p5_bdR4p0_bdT1p6__rep04,deathERK_ld0p5_bdR4p0_bdT1p6,4,1004,500,1000,1500,1000,True,35.58971519587479,120.36993076063796,84.78021556476317,11.795204734247287,0.08478021556476317,0.05323024336835758,17684,59901,6017,42217,4517,17611,1484,85013,20,44.44444444444445,55.55555555555555,691,309,0.691,0.4444444444444445,15.547499999999998,5.562,2.795307443365695,691,1000,0.4444444444444445,0.691,8.195098998788717e-56,True,5.0,0.5,0.005,100.0,0.5,2.5,3.0,4.0,1.6
deathERK_ld0p5_bdR4p0_bdT1p6__rep05,deathERK_ld0p5_bdR4p0_bdT1p6,5,1005,500,1000,1500,1000,True,44.01700430876528,114.04746634855451,70.03046203978923,14.279500247075761,0.07003046203978923,0.0425405235526064,16616,56820,5697,40204,4197,16541,1483,80541,20,44.44444444444445,55.55555555555555,643,357,0.643,0.4444444444444445,14.467499999999998,6.426000000000001,2.2514005602240887,643,1000,0.4444444444444445,0.643,1.2759532395577972e-36,True,5.0,0.5,0.005,100.0,0.5,2.5,3.0,4.0,1.6
deathERK_ld1p0_bdR1p0_bdT0p4__rep01,deathERK_ld1p0_bdR1p0_bdT0p4,1,1001,500,1000,1500,1000,True,84.49998967326304,240.96130536425287,156.4613156909898,6.391356199349584,0.1564613156909898,0.09022431116839158,37822,122015,23960,84193,22460,37789,1480,185244,20,44.44444444444445,55.55555555555555,610,390,0.61,0.4444444444444445,13.724999999999998,7.0200000000000005,1.9551282051282046,610,1000,0.4444444444444445,0.61,5.848162027486878e-26,True,5.0,0.5,0.005,100.0,1.0,2.5,3.0,1.0,0.4
deathERK_ld1p0_bdR1p0_bdT0p4__rep02,deathERK_ld1p0_bdR1p0_bdT0p4,2,1002,500,1000,1500,1000,True,84.48568297743807,276.56633627872804,192.08065330128997,5.206146391179961,0.19208065330128998,0.09338791636372434,42734,138913,27998,96179,26498,42688,1475,211074,20,44.44444444444445,55.55555555555555,585,415,0.585,0.4444444444444445,13.162499999999998,7.470000000000001,1.7620481927710838,585,1000,0.4444444444444445,0.585,3.367440284853054e-19,True,5.0,0.5,0.005,100.0,1.0,2.5,3.0,1.0,0.4
deathERK_ld1p0_bdR1p0_bdT0p4__rep03,deathERK_ld1p0_bdR1p0_bdT0p4,3,1003,500,1000,1500,1000,True,85.75133876757002,255.40067383762693,169.6493350700569,5.894511756188427,0.16964933507005692,0.0849753689997712,39437,127499,25503,88062,24003,39375,1485,193862,20,44.44444444444445,55.55555555555555,598,402,0.598,0.4444444444444445,13.454999999999998,7.236000000000001,1.8594527363184075,598,1000,0.4444444444444445,0.598,1.4171603488829819e-22,True,5.0,0.5,0.005,100.0,1.0,2.5,3.0,1.0,0.4
deathERK_ld1p0_bdR1p0_bdT0p4__rep04,deathERK_ld1p0_bdR1p0_bdT0p4,4,1004,500,1000,1500,1000,True,77.56296487143307,240.64234528121122,163.07938040977814,6.131983071601372,0.16307938040977815,0.08794185629355411,37118,119748,24070,82630,22570,37081,1493,182392,20,44.44444444444445,55.55555555555555,578,422,0.578,0.4444444444444445,13.004999999999999,7.596000000000001,1.7120853080568716,578,1000,0.4444444444444445,0.578,1.6638945624206008e-17,True,5.0,0.5,0.005,100.0,1.0,2.5,3.0,1.0,0.4
deathERK_ld1p0_bdR1p0_bdT0p4__rep05,deathERK_ld1p0_bdR1p0_bdT0p4,5,1005,500,1000,1500,1000,True,82.98325507036543,245.88109186847,162.89783679810458,6.138816939843093,0.16289783679810457,0.08638023159325314,37171,122776,24655,85605,23155,37116,1484,186031,20,44.44444444444445,55.55555555555555,612,388,0.612,0.4444444444444445,13.769999999999998,6.984000000000001,1.971649484536082,612,1000,0.4444444444444445,0.612,1.5055776676959907e-26,True,5.0,0.5,0.005,100.0,1.0,2.5,3.0,1.0,0.4
deathERK_ld1p0_bdR1p0_bdT0p8__rep01,deathERK_ld1p0_bdR1p0_bdT0p8,1,1001,500,1000,1500,1000,True,50.25451644144573,159.43708245944293,109.1825660179972,9.158971404236498,0.10918256601799721,0.06030106272204705,26415,80157,15763,53742,14263,26357,1490,123767,20,44.44444444444445,55.55555555555555,608,392,0.608,0.4444444444444445,13.679999999999998,7.056000000000001,1.9387755102040811,608,1000,0.4444444444444445,0.608,2.234072913876237e-25,True,5.0,0.5,0.005,100.0,1.0,2.5,3.0,1.0,0.8
deathERK_ld1p0_bdR1p0_bdT0p8__rep02,deathERK_ld1p0_bdR1p0_bdT0p8,2,1002,500,1000,1500,1000,True,48.905136049871146,173.4503669444391,124.54523089456796,8.029211498644505,0.12454523089456797,0.07077850153944354,24491,87006,17121,62515,15621,24417,1477,130021,20,44.44444444444445,55.55555555555555,631,369,0.631,0.4444444444444445,14.197499999999998,6.642,2.137533875338753,631,1000,0.4444444444444445,0.631,1.6414423489049048e-32,True,5.0,0.5,0.005,100.0,1.0,2.5,3.0,1.0,0.8
deathERK_ld1p0_bdR1p0_bdT0p8__rep03,deathERK_ld1p0_bdR1p0_bdT0p8,3,1003,500,1000,1500,1000,True,55.0716657975236,171.2963221474478,116.2246563499242,8.604026300488623,0.1162246563499242,0.06494470470254754,27268,86133,17323,58865,15823,27209,1483,132148,20,44.44444444444445,55.55555555555555,644,356,0.644,0.4444444444444445,14.489999999999998,6.408,2.2612359550561796,644,1000,0.4444444444444445,0.644,5.639256993186363e-37,True,5.0,0.5,0.005,100.0,1.0,2.5,3.0,1.0,0.8
deathERK_ld1p0_bdR1p0_bdT0p8__rep04,deathERK_ld1p0_bdR1p0_bdT0p8,4,1004,500,1000,1500,1000,True,55.032412193623124,162.05931527208412,107.026903078461,9.343445164127601,0.10702690307846101,0.05964465558599841,27393,81545,16271,54152,14771,27344,1484,126644,20,44.44444444444445,55.55555555555555,610,390,0.61,0.4444444444444445,13.724999999999998,7.0200000000000005,1.9551282051282046,610,1000,0.4444444444444445,0.61,5.848162027486878e-26,True,5.0,0.5,0.005,100.0,1.0,2.5,3.0,1.0,0.8
deathERK_ld1p0_bdR1p0_bdT0p8__rep05,deathERK_ld1p0_bdR1p0_bdT0p8,5,1005,500,1000,1500,1000,True,57.8973807466223,164.04262242718295,106.14524168056064,9.42105349394234,0.10614524168056065,0.060636315544186914,27085,82353,16216,55268,14716,27023,1482,127074,20,44.44444444444445,55.55555555555555,635,365,0.635,0.4444444444444445,14.287499999999998,6.57,2.174657534246575,635,1000,0.4444444444444445,0.635,7.503380189199783e-34,True,5.0,0.5,0.005,100.0,1.0,2.5,3.0,1.0,0.8
deathERK_ld1p0_bdR1p0_bdT1p6__rep01,deathERK_ld1p0_bdR1p0_bdT1p6,1,1001,500,1000,1500,1000,True,39.42581554075148,107.371447707192,67.94563216644053,14.717649510573198,0.06794563216644053,0.042123396348205944,18300,54209,10636,35909,9136,18258,1488,84591,20,44.44444444444445,55.55555555555555,600,400,0.6,0.4444444444444445,13.499999999999998,7.200000000000001,1.8749999999999996,600,1000,0.4444444444444445,0.6,4.030108246722848e-23,True,5.0,0.5,0.005,100.0,1.0,2.5,3.0,1.0,1.6
deathERK_ld1p0_bdR1p0_bdT1p6__rep02,deathERK_ld1p0_bdR1p0_bdT1p6,2,1002,500,1000,1500,1000,True,41.74988811726203,113.2116070506537,71.46171893339167,13.993506102646148,0.07146171893339166,0.042651336396232864,18647,56970,11237,38323,9737,18568,1497,88272,20,44.44444444444445,55.55555555555555,608,392,0.608,0.4444444444444445,13.679999999999998,7.056000000000001,1.9387755102040811,608,1000,0.4444444444444445,0.608,2.234072913876237e-25,True,5.0,0.5,0.005,100.0,1.0,2.5,3.0,1.0,1.6
deathERK_ld1p0_bdR1p0_bdT1p6__rep03,deathERK_ld1p0_bdR1p0_bdT1p6,3,1003,500,1000,1500,1000,True,35.23975950758965,123.90235970405647,88.66260019646681,11.278712758075077,0.08866260019646681,0.0485386005617201,18215,62117,12386,43902,10886,18138,1490,94131,20,44.44444444444445,55.55555555555555,638,362,0.638,0.4444444444444445,14.354999999999999,6.516000000000001,2.2030386740331487,638,1000,0.4444444444444445,0.638,7.0916337491396e-35,True,5.0,0.5,0.005,100.0,1.0,2.5,3.0,1.0,1.6
deathERK_ld1p0_bdR1p0_bdT1p6__rep04,deathERK_ld1p0_bdR1p0_bdT1p6,4,1004,500,1000,1500,1000,True,35.73190059977689,120.27726115091198,84.54536055113509,11.827970139120474,0.0845453605511351,0.04878720261006464,19020,59821,11997,40801,10497,18987,1493,92298,20,44.44444444444445,55.55555555555555,612,388,0.612,0.4444444444444445,13.769999999999998,6.984000000000001,1.971649484536082,612,1000,0.4444444444444445,0.612,1.5055776676959907e-26,True,5.0,0.5,0.005,100.0,1.0,2.5,3.0,1.0,1.6
deathERK_ld1p0_bdR1p0_bdT1p6__rep05,deathERK_ld1p0_bdR1p0_bdT1p6,5,1005,500,1000,1500,1000,True,42.77152365712305,114.56369245806873,71.79216880094569,13.929095842927472,0.07179216880094569,0.0413555227097433,17410,57230,11403,39820,9903,17379,1491,87503,20,44.44444444444445,55.55555555555555,631,369,0.631,0.4444444444444445,14.197499999999998,6.642,2.137533875338753,631,1000,0.4444444444444445,0.631,1.6414423489049048e-32,True,5.0,0.5,0.005,100.0,1.0,2.5,3.0,1.0,1.6
deathERK_ld1p0_bdR2p0_bdT0p4__rep01,deathERK_ld1p0_bdR2p0_bdT0p4,1,1001,500,1000,1500,1000,True,33.8226774456098,113.687110247161,79.8644328015512,12.521218331128962,0.0798644328015512,0.048026963995024374,17467,57235,11322,39768,9822,17387,1457,87401,20,44.44444444444445,55.55555555555555,624,376,0.624,0.4444444444444445,14.039999999999997,6.768000000000001,2.0744680851063824,624,1000,0.4444444444444445,0.624,3.082809139451359e-30,True,5.0,0.5,0.005,100.0,1.0,2.5,3.0,2.0,0.4
deathERK_ld1p0_bdR2p0_bdT0p4__rep02,deathERK_ld1p0_bdR2p0_bdT0p4,2,1002,500,1000,1500,1000,True,39.73493603486596,114.5757193613937,74.84078332652774,13.361698736329826,0.07484078332652774,0.04486469803108406,17263,57635,11533,40372,10033,17190,1465,87823,20,44.44444444444445,55.55555555555555,645,355,0.645,0.4444444444444445,14.512499999999998,6.390000000000001,2.2711267605633796,645,1000,0.4444444444444445,0.645,2.4815696408220505e-37,True,5.0,0.5,0.005,100.0,1.0,2.5,3.0,2.0,0.4
deathERK_ld1p0_bdR2p0_bdT0p4__rep03,deathERK_ld1p0_bdR2p0_bdT0p4,3,1003,500,1000,1500,1000,True,42.95390565737828,111.1771418749211,68.22323621754282,14.657762595889016,0.06822323621754282,0.039800454681635955,17538,55472,11113,37934,9613,17516,1464,85565,20,44.44444444444445,55.55555555555555,585,415,0.585,0.4444444444444445,13.162499999999998,7.470000000000001,1.7620481927710838,585,1000,0.4444444444444445,0.585,3.367440284853054e-19,True,5.0,0.5,0.005,100.0,1.0,2.5,3.0,2.0,0.4
deathERK_ld1p0_bdR2p0_bdT0p4__rep04,deathERK_ld1p0_bdR2p0_bdT0p4,4,1004,500,1000,1500,1000,True,38.429116833287374,122.4873475853045,84.05823075201712,11.896514964133994,0.08405823075201713,0.05299622686656846,19384,60766,12221,41382,10721,19347,1471,93805,20,44.44444444444445,55.55555555555555,625,375,0.625,0.4444444444444445,14.062499999999998,6.750000000000001,2.0833333333333326,625,1000,0.4444444444444445,0.625,1.4779426351443492e-30,True,5.0,0.5,0.005,100.0,1.0,2.5,3.0,2.0,0.4
deathERK_ld1p0_bdR2p0_bdT0p4__rep05,deathERK_ld1p0_bdR2p0_bdT0p4,5,1005,500,1000,1500,1000,True,43.53032619032072,126.75169514339218,83.22136895307146,12.016144562148456,0.08322136895307146,0.0503887128868854,19840,63452,12398,43612,10898,19810,1483,97143,20,44.44444444444445,55.55555555555555,622,378,0.622,0.4444444444444445,13.994999999999997,6.804,2.0568783068783065,622,1000,0.4444444444444445,0.622,1.3243889209824878e-29,True,5.0,0.5,0.005,100.0,1.0,2.5,3.0,2.0,0.4
deathERK_ld1p0_bdR2p0_bdT0p8__rep01,deathERK_ld1p0_bdR2p0_bdT0p8,1,1001,500,1000,1500,1000,True,26.94293137913698,86.04212631172054,59.09919493258356,16.92070426916532,0.05909919493258356,0.03421339524629374,14642,43320,8593,28678,7093,14562,1472,67947,20,44.44444444444445,55.55555555555555,636,364,0.636,0.4444444444444445,14.309999999999999,6.5520000000000005,2.184065934065934,636,1000,0.4444444444444445,0.636,3.432555838262965e-34,True,5.0,0.5,0.005,100.0,1.0,2.5,3.0,2.0,0.8
deathERK_ld1p0_bdR2p0_bdT0p8__rep02,deathERK_ld1p0_bdR2p0_bdT0p8,2,1002,500,1000,1500,1000,True,35.14840430728021,96.70797600175037,61.55957169447016,16.24442751101579,0.061559571694470155,0.037632592326527714,15526,48999,9681,33473,8181,15494,1491,75665,20,44.44444444444445,55.55555555555555,644,356,0.644,0.4444444444444445,14.489999999999998,6.408,2.2612359550561796,644,1000,0.4444444444444445,0.644,5.639256993186363e-37,True,5.0,0.5,0.005,100.0,1.0,2.5,3.0,2.0,0.8
deathERK_ld1p0_bdR2p0_bdT0p8__rep03,deathERK_ld1p0_bdR2p0_bdT0p8,3,1003,500,1000,1500,1000,True,34.91303111833829,98.52884069205376,63.615809573715474,15.719362949256187,0.06361580957371547,0.043026984696332704,14122,49246,9948,35124,8448,14056,1474,74724,20,44.44444444444445,55.55555555555555,651,349,0.651,0.4444444444444445,14.647499999999997,6.282000000000001,2.3316618911174776,651,1000,0.4444444444444445,0.651,1.6446747192495102e-39,True,5.0,0.5,0.005,100.0,1.0,2.5,3.0,2.0,0.8
deathERK_ld1p0_bdR2p0_bdT0p8__rep04,deathERK_ld1p0_bdR2p0_bdT0p8,4,1004,500,1000,1500,1000,True,34.01818876939089,98.89788597075557,64.87969720136468,15.413142217608346,0.06487969720136467,0.038797934238694154,14729,49544,9770,34815,8270,14654,1464,75432,20,44.44444444444445,55.55555555555555,636,364,0.636,0.4444444444444445,14.309999999999999,6.5520000000000005,2.184065934065934,636,1000,0.4444444444444445,0.636,3.432555838262965e-34,True,5.0,0.5,0.005,100.0,1.0,2.5,3.0,2.0,0.8
deathERK_ld1p0_bdR2p0_bdT0p8__rep05,deathERK_ld1p0_bdR2p0_bdT0p8,5,1005,500,1000,1500,1000,True,34.79359858664322,88.18239435767656,53.38879577103334,18.730521742589307,0.05338879577103334,0.03289475773994255,13939,43744,8653,29805,7153,13908,1484,67789,20,44.44444444444445,55.55555555555555,598,402,0.598,0.4444444444444445,13.454999999999998,7.236000000000001,1.8594527363184075,598,1000,0.4444444444444445,0.598,1.4171603488829819e-22,True,5.0,0.5,0.005,100.0,1.0,2.5,3.0,2.0,0.8
deathERK_ld1p0_bdR2p0_bdT1p6__rep01,deathERK_ld1p0_bdR2p0_bdT1p6,1,1001,500,1000,1500,1000,True,24.10287420502083,71.95200853019153,47.84913432517071,20.899019681406376,0.04784913432517071,0.026380041954942257,11713,36249,7279,24536,5779,11700,1496,56724,20,44.44444444444445,55.55555555555555,589,411,0.589,0.4444444444444445,13.252499999999998,7.398000000000001,1.791362530413625,589,1000,0.4444444444444445,0.589,3.315461106273215e-20,True,5.0,0.5,0.005,100.0,1.0,2.5,3.0,2.0,1.6
deathERK_ld1p0_bdR2p0_bdT1p6__rep02,deathERK_ld1p0_bdR2p0_bdT1p6,2,1002,500,1000,1500,1000,True,31.002478941568114,79.52742673104459,48.52494778947647,20.60795622776267,0.04852494778947647,0.03241047505161987,12265,39989,7878,27724,6378,12216,1489,61572,20,44.44444444444445,55.55555555555555,625,375,0.625,0.4444444444444445,14.062499999999998,6.750000000000001,2.0833333333333326,625,1000,0.4444444444444445,0.625,1.4779426351443492e-30,True,5.0,0.5,0.005,100.0,1.0,2.5,3.0,2.0,1.6
deathERK_ld1p0_bdR2p0_bdT1p6__rep03,deathERK_ld1p0_bdR2p0_bdT1p6,3,1003,500,1000,1500,1000,True,27.912919023252535,73.73382999853044,45.820910975277904,21.82409687444969,0.045820910975277906,0.031300319491577966,12341,36887,7431,24546,5931,12281,1483,58082,20,44.44444444444445,55.55555555555555,610,390,0.61,0.4444444444444445,13.724999999999998,7.0200000000000005,1.9551282051282046,610,1000,0.4444444444444445,0.61,5.848162027486878e-26,True,5.0,0.5,0.005,100.0,1.0,2.5,3.0,2.0,1.6
deathERK_ld1p0_bdR2p0_bdT1p6__rep04,deathERK_ld1p0_bdR2p0_bdT1p6,4,1004,500,1000,1500,1000,True,24.53087153344611,75.29449424164766,50.763622708201545,19.699145700222783,0.05076362270820155,0.028079407622653818,11942,37426,7523,25484,6023,11864,1478,58291,20,44.44444444444445,55.55555555555555,597,403,0.597,0.4444444444444445,13.432499999999997,7.2540000000000004,1.8517369727047142,597,1000,0.4444444444444445,0.597,2.641111243027248e-22,True,5.0,0.5,0.005,100.0,1.0,2.5,3.0,2.0,1.6
deathERK_ld1p0_bdR2p0_bdT1p6__rep05,deathERK_ld1p0_bdR2p0_bdT1p6,5,1005,500,1000,1500,1000,True,29.797759642907913,79.18054178365553,49.382782140747615,20.249972898445954,0.049382782140747615,0.030241193635564656,12038,39564,7919,27526,6419,11995,1495,60973,20,44.44444444444445,55.55555555555555,649,351,0.649,0.4444444444444445,14.602499999999997,6.3180000000000005,2.3112535612535607,649,1000,0.4444444444444445,0.649,8.909829087160422e-39,True,5.0,0.5,0.005,100.0,1.0,2.5,3.0,2.0,1.6
deathERK_ld1p0_bdR4p0_bdT0p4__rep01,deathERK_ld1p0_bdR4p0_bdT0p4,1,1001,500,1000,1500,1000,True,23.42093397724049,73.51384601327308,50.09291203603259,19.96290411866423,0.05009291203603259,0.03139811676455295,11260,36959,7354,25699,5854,11228,1458,56999,20,44.44444444444445,55.55555555555555,632,368,0.632,0.4444444444444445,14.219999999999999,6.6240000000000006,2.1467391304347823,632,1000,0.4444444444444445,0.632,7.638661162565123e-33,True,5.0,0.5,0.005,100.0,1.0,2.5,3.0,4.0,0.4
deathERK_ld1p0_bdR4p0_bdT0p4__rep02,deathERK_ld1p0_bdR4p0_bdT0p4,2,1002,500,1000,1500,1000,True,24.031167792442997,71.9838263084869,47.9526585160439,20.85390113804477,0.0479526585160439,0.031004015417419595,11528,36234,7182,24706,5682,11498,1454,56368,20,44.44444444444445,55.55555555555555,592,408,0.592,0.4444444444444445,13.319999999999999,7.344,1.8137254901960782,592,1000,0.4444444444444445,0.592,5.582867387313631e-21,True,5.0,0.5,0.005,100.0,1.0,2.5,3.0,4.0,0.4
deathERK_ld1p0_bdR4p0_bdT0p4__rep03,deathERK_ld1p0_bdR4p0_bdT0p4,3,1003,500,1000,1500,1000,True,26.302658541641875,74.60301446791716,48.30035592627529,20.70378117971595,0.04830035592627529,0.02964058576448636,11110,36904,7475,25794,5975,11029,1428,56836,20,44.44444444444445,55.55555555555555,646,354,0.646,0.4444444444444445,14.534999999999998,6.372000000000001,2.281073446327683,646,1000,0.4444444444444445,0.646,1.0872915664755176e-37,True,5.0,0.5,0.005,100.0,1.0,2.5,3.0,4.0,0.4
deathERK_ld1p0_bdR4p0_bdT0p4__rep04,deathERK_ld1p0_bdR4p0_bdT0p4,4,1004,500,1000,1500,1000,True,22.274933081330264,72.79987892996547,50.52494584863521,19.792203300837624,0.05052494584863521,0.028259398810476455,10916,36302,7404,25386,5904,10851,1446,56003,20,44.44444444444445,55.55555555555555,625,375,0.625,0.4444444444444445,14.062499999999998,6.750000000000001,2.0833333333333326,625,1000,0.4444444444444445,0.625,1.4779426351443492e-30,True,5.0,0.5,0.005,100.0,1.0,2.5,3.0,4.0,0.4
deathERK_ld1p0_bdR4p0_bdT0p4__rep05,deathERK_ld1p0_bdR4p0_bdT0p4,5,1005,500,1000,1500,1000,True,27.76435483468128,72.24299425061064,44.47863941592935,22.482702104459275,0.044478639415929354,0.027995499112826394,11226,36016,7325,24790,5825,11160,1429,55930,20,44.44444444444445,55.55555555555555,624,376,0.624,0.4444444444444445,14.039999999999997,6.768000000000001,2.0744680851063824,624,1000,0.4444444444444445,0.624,3.082809139451359e-30,True,5.0,0.5,0.005,100.0,1.0,2.5,3.0,4.0,0.4
deathERK_ld1p0_bdR4p0_bdT0p8__rep01,deathERK_ld1p0_bdR4p0_bdT0p8,1,1001,500,1000,1500,1000,True,26.32428259926059,71.02467096580068,44.70038836654009,22.37117028604023,0.04470038836654009,0.02944381378502925,10284,35578,7102,25294,5602,10249,1477,54406,20,44.44444444444445,55.55555555555555,677,323,0.677,0.4444444444444445,15.232499999999998,5.814000000000001,2.6199690402476774,677,1000,0.4444444444444445,0.677,9.484380577153005e-50,True,5.0,0.5,0.005,100.0,1.0,2.5,3.0,4.0,0.8
deathERK_ld1p0_bdR4p0_bdT0p8__rep02,deathERK_ld1p0_bdR4p0_bdT0p8,2,1002,500,1000,1500,1000,True,24.95645752958637,76.06879773923738,51.11234020965101,19.56474690648542,0.05111234020965101,0.03327725697618433,10691,38240,7616,27549,6116,10637,1477,57970,20,44.44444444444445,55.55555555555555,650,350,0.65,0.4444444444444445,14.624999999999998,6.300000000000001,2.3214285714285707,650,1000,0.4444444444444445,0.65,3.8363972659937075e-39,True,5.0,0.5,0.005,100.0,1.0,2.5,3.0,4.0,0.8
deathERK_ld1p0_bdR4p0_bdT0p8__rep03,deathERK_ld1p0_bdR4p0_bdT0p8,3,1003,500,1000,1500,1000,True,26.672179812081563,73.1641958051871,46.49201599310554,21.509069431368463,0.04649201599310554,0.030331476551797465,10283,36592,7388,26309,5888,10193,1470,55643,20,44.44444444444445,55.55555555555555,651,349,0.651,0.4444444444444445,14.647499999999997,6.282000000000001,2.3316618911174776,651,1000,0.4444444444444445,0.651,1.6446747192495102e-39,True,5.0,0.5,0.005,100.0,1.0,2.5,3.0,4.0,0.8
deathERK_ld1p0_bdR4p0_bdT0p8__rep04,deathERK_ld1p0_bdR4p0_bdT0p8,4,1004,500,1000,1500,1000,True,17.211788526449247,60.15148510553055,42.9396965790813,23.28847382883382,0.0429396965790813,0.027116190048246835,10568,29775,5987,19207,4487,10509,1474,47745,20,44.44444444444445,55.55555555555555,584,416,0.584,0.4444444444444445,13.139999999999999,7.488,1.754807692307692,584,1000,0.4444444444444445,0.584,5.950671288921793e-19,True,5.0,0.5,0.005,100.0,1.0,2.5,3.0,4.0,0.8
deathERK_ld1p0_bdR4p0_bdT0p8__rep05,deathERK_ld1p0_bdR4p0_bdT0p8,5,1005,500,1000,1500,1000,True,25.614397005094634,63.879201418576926,38.264804413482295,26.133675980522145,0.038264804413482296,0.022896507020309542,10331,32087,6274,21756,4774,10276,1452,50089,20,44.44444444444445,55.55555555555555,596,404,0.596,0.4444444444444445,13.409999999999998,7.272000000000001,1.8440594059405935,596,1000,0.4444444444444445,0.596,4.901936378559774e-22,True,5.0,0.5,0.005,100.0,1.0,2.5,3.0,4.0,0.8
deathERK_ld1p0_bdR4p0_bdT1p6__rep01,deathERK_ld1p0_bdR4p0_bdT1p6,1,1001,500,1000,1500,1000,True,21.772704772467073,63.68514974017697,41.912444967709895,23.85926186769629,0.0419124449677099,0.026507638026430413,9680,32165,6307,22485,4807,9606,1479,49557,20,44.44444444444445,55.55555555555555,649,351,0.649,0.4444444444444445,14.602499999999997,6.3180000000000005,2.3112535612535607,649,1000,0.4444444444444445,0.649,8.909829087160422e-39,True,5.0,0.5,0.005,100.0,1.0,2.5,3.0,4.0,1.6
deathERK_ld1p0_bdR4p0_bdT1p6__rep02,deathERK_ld1p0_bdR4p0_bdT1p6,2,1002,500,1000,1500,1000,True,22.915947213687115,58.06450268876291,35.148555475075796,28.450671342926462,0.035148555475075796,0.022601676651031966,9186,28807,5911,19621,4411,9117,1475,45310,20,44.44444444444445,55.55555555555555,630,370,0.63,0.4444444444444445,14.174999999999999,6.660000000000001,2.128378378378378,630,1000,0.4444444444444445,0.63,3.512221412422075e-32,True,5.0,0.5,0.005,100.0,1.0,2.5,3.0,4.0,1.6
deathERK_ld1p0_bdR4p0_bdT1p6__rep03,deathERK_ld1p0_bdR4p0_bdT1p6,3,1003,500,1000,1500,1000,True,21.979611356073015,64.79127201307982,42.811660657006804,23.35812217170637,0.042811660657006805,0.026218770782815426,9413,32000,6498,22587,4998,9338,1474,49310,20,44.44444444444445,55.55555555555555,678,322,0.678,0.4444444444444445,15.254999999999997,5.796,2.6319875776397508,678,1000,0.4444444444444445,0.678,3.604644482131949e-50,True,5.0,0.5,0.005,100.0,1.0,2.5,3.0,4.0,1.6
deathERK_ld1p0_bdR4p0_bdT1p6__rep04,deathERK_ld1p0_bdR4p0_bdT1p6,4,1004,500,1000,1500,1000,True,20.288675431578607,55.05900739844144,34.77033196686283,28.7601510665193,0.03477033196686283,0.021940323965178976,9112,27463,5533,18351,4033,9079,1495,43570,20,44.44444444444445,55.55555555555555,632,368,0.632,0.4444444444444445,14.219999999999999,6.6240000000000006,2.1467391304347823,632,1000,0.4444444444444445,0.632,7.638661162565123e-33,True,5.0,0.5,0.005,100.0,1.0,2.5,3.0,4.0,1.6
deathERK_ld1p0_bdR4p0_bdT1p6__rep05,deathERK_ld1p0_bdR4p0_bdT1p6,5,1005,500,1000,1500,1000,True,23.063334701101788,60.87231873567438,37.80898403457259,26.44874030694923,0.03780898403457259,0.02544794979061038,9709,30578,6030,20869,4530,9654,1486,47748,20,44.44444444444445,55.55555555555555,642,358,0.642,0.4444444444444445,14.444999999999999,6.444000000000001,2.241620111731843,642,1000,0.4444444444444445,0.642,2.8745346235440736e-36,True,5.0,0.5,0.005,100.0,1.0,2.5,3.0,4.0,1.6
deathERK_ld2p0_bdR1p0_bdT0p4__rep01,deathERK_ld2p0_bdR1p0_bdT0p4,1,1001,500,1000,1500,1000,True,69.9548961978592,216.36468447056623,146.40978827270703,6.830144430899467,0.14640978827270704,0.07142392668261266,33098,108677,43510,75579,42010,33051,1483,186721,20,44.44444444444445,55.55555555555555,567,433,0.567,0.4444444444444445,12.757499999999999,7.7940000000000005,1.6368360277136256,567,1000,0.4444444444444445,0.567,5.117600686976143e-15,True,5.0,0.5,0.005,100.0,2.0,2.5,3.0,1.0,0.4
deathERK_ld2p0_bdR1p0_bdT0p4__rep02,deathERK_ld2p0_bdR1p0_bdT0p4,2,1002,500,1000,1500,1000,True,59.267526860917904,191.42841746442704,132.16089060350913,7.56653496683873,0.13216089060350913,0.06999441725903921,31674,95875,38246,64201,36746,31615,1479,167215,20,44.44444444444445,55.55555555555555,540,460,0.54,0.4444444444444445,12.149999999999999,8.280000000000001,1.4673913043478257,540,1000,0.4444444444444445,0.54,8.430123664735691e-10,True,5.0,0.5,0.005,100.0,2.0,2.5,3.0,1.0,0.4
deathERK_ld2p0_bdR1p0_bdT0p4__rep03,deathERK_ld2p0_bdR1p0_bdT0p4,3,1003,500,1000,1500,1000,True,67.64793132486787,213.91589938702313,146.26796806215526,6.836766882377548,0.14626796806215525,0.07587093314560889,31863,106584,42951,74721,41451,31831,1482,182848,20,44.44444444444445,55.55555555555555,593,407,0.593,0.4444444444444445,13.342499999999998,7.3260000000000005,1.8212530712530708,593,1000,0.4444444444444445,0.593,3.0577837962605008e-21,True,5.0,0.5,0.005,100.0,2.0,2.5,3.0,1.0,0.4
deathERK_ld2p0_bdR1p0_bdT0p4__rep04,deathERK_ld2p0_bdR1p0_bdT0p4,4,1004,500,1000,1500,1000,True,74.77628548081552,215.26680591817708,140.49052043736157,7.117917969745547,0.14049052043736157,0.07545088111523057,30523,107548,43352,77025,41852,30458,1472,182830,20,44.44444444444445,55.55555555555555,606,394,0.606,0.4444444444444445,13.634999999999998,7.0920000000000005,1.9225888324873093,606,1000,0.4444444444444445,0.606,8.393666432294503e-25,True,5.0,0.5,0.005,100.0,2.0,2.5,3.0,1.0,0.4
deathERK_ld2p0_bdR1p0_bdT0p4__rep05,deathERK_ld2p0_bdR1p0_bdT0p4,5,1005,500,1000,1500,1000,True,86.670554423601,214.57979180186499,127.90923737826398,7.818043641701308,0.12790923737826398,0.06448204491604059,33455,107124,42582,73669,41082,33388,1493,184587,20,44.44444444444445,55.55555555555555,565,435,0.565,0.4444444444444445,12.712499999999999,7.830000000000001,1.6235632183908042,565,1000,0.4444444444444445,0.565,1.3763251076876006e-14,True,5.0,0.5,0.005,100.0,2.0,2.5,3.0,1.0,0.4
deathERK_ld2p0_bdR1p0_bdT0p8__rep01,deathERK_ld2p0_bdR1p0_bdT0p8,1,1001,500,1000,1500,1000,True,39.85974585135006,133.8811093605698,94.02136350921975,10.635880641126203,0.09402136350921976,0.05097006850575525,20192,67208,26843,47016,25343,20147,1491,115689,20,44.44444444444445,55.55555555555555,600,400,0.6,0.4444444444444445,13.499999999999998,7.200000000000001,1.8749999999999996,600,1000,0.4444444444444445,0.6,4.030108246722848e-23,True,5.0,0.5,0.005,100.0,2.0,2.5,3.0,1.0,0.8
deathERK_ld2p0_bdR1p0_bdT0p8__rep02,deathERK_ld2p0_bdR1p0_bdT0p8,2,1002,500,1000,1500,1000,True,44.86046446414651,126.23042931972225,81.36996485557574,12.28954690806256,0.08136996485557574,0.04658790798845658,19072,63381,25430,44309,23930,19023,1484,109318,20,44.44444444444445,55.55555555555555,610,390,0.61,0.4444444444444445,13.724999999999998,7.0200000000000005,1.9551282051282046,610,1000,0.4444444444444445,0.61,5.848162027486878e-26,True,5.0,0.5,0.005,100.0,2.0,2.5,3.0,1.0,0.8
deathERK_ld2p0_bdR1p0_bdT0p8__rep03,deathERK_ld2p0_bdR1p0_bdT0p8,3,1003,500,1000,1500,1000,True,43.3022131759996,128.68112987868446,85.37891670268486,11.712493418981897,0.08537891670268487,0.04704738125297325,18994,64195,25690,45201,24190,18922,1484,110291,20,44.44444444444445,55.55555555555555,615,385,0.615,0.4444444444444445,13.837499999999999,6.930000000000001,1.9967532467532463,615,1000,0.4444444444444445,0.615,1.9060059803046098e-27,True,5.0,0.5,0.005,100.0,2.0,2.5,3.0,1.0,0.8
deathERK_ld2p0_bdR1p0_bdT0p8__rep04,deathERK_ld2p0_bdR1p0_bdT0p8,4,1004,500,1000,1500,1000,True,50.38205480420216,126.21455998609913,75.83250518189698,13.186957197330253,0.07583250518189698,0.04187556547987015,20018,63041,25312,43023,23812,19906,1472,109731,20,44.44444444444445,55.55555555555555,590,410,0.59,0.4444444444444445,13.274999999999999,7.380000000000001,1.7987804878048776,590,1000,0.4444444444444445,0.59,1.8383335117437698e-20,True,5.0,0.5,0.005,100.0,2.0,2.5,3.0,1.0,0.8
deathERK_ld2p0_bdR1p0_bdT0p8__rep05,deathERK_ld2p0_bdR1p0_bdT0p8,5,1005,500,1000,1500,1000,True,52.5500761099423,131.27088342807207,78.72080731812977,12.703121754820918,0.07872080731812978,0.04104956702270357,20044,65756,26027,45712,24527,19971,1477,113231,20,44.44444444444445,55.55555555555555,601,399,0.601,0.4444444444444445,13.522499999999999,7.182,1.882832080200501,601,1000,0.4444444444444445,0.601,2.135889327446231e-23,True,5.0,0.5,0.005,100.0,2.0,2.5,3.0,1.0,0.8
deathERK_ld2p0_bdR1p0_bdT1p6__rep01,deathERK_ld2p0_bdR1p0_bdT1p6,1,1001,500,1000,1500,1000,True,29.980732404824,85.19813520868897,55.21740280386497,18.11023244885405,0.05521740280386497,0.03371184028356211,13541,42820,17102,29279,15602,13514,1490,74926,20,44.44444444444445,55.55555555555555,599,401,0.599,0.4444444444444445,13.4775,7.218000000000001,1.8672069825436406,599,1000,0.4444444444444445,0.599,7.572911711703456e-23,True,5.0,0.5,0.005,100.0,2.0,2.5,3.0,1.0,1.6
deathERK_ld2p0_bdR1p0_bdT1p6__rep02,deathERK_ld2p0_bdR1p0_bdT1p6,2,1002,500,1000,1500,1000,True,30.259062054386533,83.80306977310956,53.54400771872302,18.67622620355937,0.05354400771872302,0.030777949339796606,13160,41868,16952,28708,15452,13055,1476,73351,20,44.44444444444445,55.55555555555555,621,379,0.621,0.4444444444444445,13.972499999999998,6.822000000000001,2.048153034300791,621,1000,0.4444444444444445,0.621,2.7277182855609197e-29,True,5.0,0.5,0.005,100.0,2.0,2.5,3.0,1.0,1.6
deathERK_ld2p0_bdR1p0_bdT1p6__rep03,deathERK_ld2p0_bdR1p0_bdT1p6,3,1003,500,1000,1500,1000,True,29.775882379098594,93.20400444992822,63.42812207082963,15.765877458634337,0.06342812207082962,0.03685203056960695,13600,46852,18748,33252,17248,13525,1487,80612,20,44.44444444444445,55.55555555555555,630,370,0.63,0.4444444444444445,14.174999999999999,6.660000000000001,2.128378378378378,630,1000,0.4444444444444445,0.63,3.512221412422075e-32,True,5.0,0.5,0.005,100.0,2.0,2.5,3.0,1.0,1.6
deathERK_ld2p0_bdR1p0_bdT1p6__rep04,deathERK_ld2p0_bdR1p0_bdT1p6,4,1004,500,1000,1500,1000,True,29.244443315027052,90.49491782920525,61.250474514178194,16.32640412881244,0.06125047451417819,0.03635021999182442,13938,44928,18176,30990,16676,13830,1481,78415,20,44.44444444444445,55.55555555555555,632,368,0.632,0.4444444444444445,14.219999999999999,6.6240000000000006,2.1467391304347823,632,1000,0.4444444444444445,0.632,7.638661162565123e-33,True,5.0,0.5,0.005,100.0,2.0,2.5,3.0,1.0,1.6
deathERK_ld2p0_bdR1p0_bdT1p6__rep05,deathERK_ld2p0_bdR1p0_bdT1p6,5,1005,500,1000,1500,1000,True,32.00018741802286,84.83570445656895,52.83551703854609,18.926662518897114,0.05283551703854609,0.028209430989772244,13104,42523,16770,29419,15270,13050,1484,73827,20,44.44444444444445,55.55555555555555,549,451,0.549,0.4444444444444445,12.3525,8.118,1.5216186252771617,549,1000,0.4444444444444445,0.549,2.1203345637918177e-11,True,5.0,0.5,0.005,100.0,2.0,2.5,3.0,1.0,1.6
deathERK_ld2p0_bdR2p0_bdT0p4__rep01,deathERK_ld2p0_bdR2p0_bdT0p4,1,1001,500,1000,1500,1000,True,29.058377450372898,80.96420114132928,51.90582369095638,19.26566093920269,0.05190582369095638,0.02881246770547108,13841,40482,16215,26641,14715,13742,1436,71875,20,44.44444444444445,55.55555555555555,555,445,0.555,0.4444444444444445,12.487499999999999,8.010000000000002,1.5589887640449434,555,1000,0.4444444444444445,0.555,1.523546640963671e-12,True,5.0,0.5,0.005,100.0,2.0,2.5,3.0,2.0,0.4
deathERK_ld2p0_bdR2p0_bdT0p4__rep02,deathERK_ld2p0_bdR2p0_bdT0p4,2,1002,500,1000,1500,1000,True,35.05768772866441,93.4066813010514,58.348993572386995,17.138256185334424,0.058348993572386994,0.03714100157591105,13881,46872,18613,32991,17113,13823,1435,80743,20,44.44444444444445,55.55555555555555,603,397,0.603,0.4444444444444445,13.567499999999999,7.146000000000001,1.898614609571788,603,1000,0.4444444444444445,0.603,5.925439896648793e-24,True,5.0,0.5,0.005,100.0,2.0,2.5,3.0,2.0,0.4
deathERK_ld2p0_bdR2p0_bdT0p4__rep03,deathERK_ld2p0_bdR2p0_bdT0p4,3,1003,500,1000,1500,1000,True,30.610635261557842,96.17848327594734,65.5678480143895,15.251377470563627,0.0655678480143895,0.0367596108387076,13642,47967,19219,34325,17719,13579,1461,82226,20,44.44444444444445,55.55555555555555,626,374,0.626,0.4444444444444445,14.084999999999999,6.732000000000001,2.0922459893048124,626,1000,0.4444444444444445,0.626,7.055524839515104e-31,True,5.0,0.5,0.005,100.0,2.0,2.5,3.0,2.0,0.4
deathERK_ld2p0_bdR2p0_bdT0p4__rep04,deathERK_ld2p0_bdR2p0_bdT0p4,4,1004,500,1000,1500,1000,True,30.47195785407287,85.90776302479539,55.43580517072252,18.03888293712622,0.05543580517072252,0.03233378145953836,13857,42868,17242,29011,15742,13737,1427,75274,20,44.44444444444445,55.55555555555555,604,396,0.604,0.4444444444444445,13.589999999999998,7.128000000000001,1.9065656565656561,604,1000,0.4444444444444445,0.604,3.1016796839000188e-24,True,5.0,0.5,0.005,100.0,2.0,2.5,3.0,2.0,0.4
deathERK_ld2p0_bdR2p0_bdT0p4__rep05,deathERK_ld2p0_bdR2p0_bdT0p4,5,1005,500,1000,1500,1000,True,26.787807805400472,81.90747816973337,55.11967036433289,18.142343620528706,0.05511967036433289,0.031260881501360416,13941,40736,16391,26795,14891,13890,1448,72465,20,44.44444444444445,55.55555555555555,591,409,0.591,0.4444444444444445,13.297499999999998,7.362000000000001,1.8062347188264054,591,1000,0.4444444444444445,0.591,1.015147828555154e-20,True,5.0,0.5,0.005,100.0,2.0,2.5,3.0,2.0,0.4
deathERK_ld2p0_bdR2p0_bdT0p8__rep01,deathERK_ld2p0_bdR2p0_bdT0p8,1,1001,500,1000,1500,1000,True,20.240972594456064,53.534221687024505,33.293249092568445,30.036119251071085,0.03329324909256844,0.02119589963152535,9695,26802,10779,17107,9279,9651,1473,48705,20,44.44444444444445,55.55555555555555,558,442,0.558,0.4444444444444445,12.554999999999998,7.956,1.5780542986425337,558,1000,0.4444444444444445,0.558,3.870774581910679e-13,True,5.0,0.5,0.005,100.0,2.0,2.5,3.0,2.0,0.8
deathERK_ld2p0_bdR2p0_bdT0p8__rep02,deathERK_ld2p0_bdR2p0_bdT0p8,2,1002,500,1000,1500,1000,True,22.569700139764965,57.997266590638766,35.4275664508738,28.22660713618775,0.0354275664508738,0.02291581592483105,9982,29223,11581,19241,10081,9894,1446,52144,20,44.44444444444445,55.55555555555555,555,445,0.555,0.4444444444444445,12.487499999999999,8.010000000000002,1.5589887640449434,555,1000,0.4444444444444445,0.555,1.523546640963671e-12,True,5.0,0.5,0.005,100.0,2.0,2.5,3.0,2.0,0.8
deathERK_ld2p0_bdR2p0_bdT0p8__rep03,deathERK_ld2p0_bdR2p0_bdT0p8,3,1003,500,1000,1500,1000,True,25.805430449949252,68.17343004166655,42.36799959171729,23.602719260682168,0.04236799959171729,0.02618152602274293,9781,34047,13722,24266,12222,9665,1455,58889,20,44.44444444444445,55.55555555555555,631,369,0.631,0.4444444444444445,14.197499999999998,6.642,2.137533875338753,631,1000,0.4444444444444445,0.631,1.6414423489049048e-32,True,5.0,0.5,0.005,100.0,2.0,2.5,3.0,2.0,0.8
deathERK_ld2p0_bdR2p0_bdT0p8__rep04,deathERK_ld2p0_bdR2p0_bdT0p8,4,1004,500,1000,1500,1000,True,24.03029887406504,70.71782922834585,46.68753035428081,21.41899544507197,0.04668753035428081,0.027923692079781404,9921,35392,14190,25471,12690,9860,1470,60912,20,44.44444444444445,55.55555555555555,656,344,0.656,0.4444444444444445,14.759999999999998,6.192000000000001,2.3837209302325575,656,1000,0.4444444444444445,0.656,2.2299942616562447e-41,True,5.0,0.5,0.005,100.0,2.0,2.5,3.0,2.0,0.8
deathERK_ld2p0_bdR2p0_bdT0p8__rep05,deathERK_ld2p0_bdR2p0_bdT0p8,5,1005,500,1000,1500,1000,True,20.629306548401757,60.61840462625203,39.98909807785027,25.006815558910898,0.039989098077850276,0.024199036816568764,9782,30449,12069,20667,10569,9714,1460,53692,20,44.44444444444445,55.55555555555555,617,383,0.617,0.4444444444444445,13.882499999999999,6.894000000000001,2.0137075718015662,617,1000,0.4444444444444445,0.617,4.705939660046994e-28,True,5.0,0.5,0.005,100.0,2.0,2.5,3.0,2.0,0.8
deathERK_ld2p0_bdR2p0_bdT1p6__rep01,deathERK_ld2p0_bdR2p0_bdT1p6,1,1001,500,1000,1500,1000,True,15.530157605672644,44.56936410855578,29.03920650288314,34.436202652462825,0.02903920650288314,0.01778860895302259,7535,22278,8853,14743,7353,7510,1488,40129,20,44.44444444444445,55.55555555555555,573,427,0.573,0.4444444444444445,12.892499999999998,7.686000000000001,1.6774004683840746,573,1000,0.4444444444444445,0.573,2.3892053670270587e-16,True,5.0,0.5,0.005,100.0,2.0,2.5,3.0,2.0,1.6
deathERK_ld2p0_bdR2p0_bdT1p6__rep02,deathERK_ld2p0_bdR2p0_bdT1p6,2,1002,500,1000,1500,1000,True,20.212162950978197,49.99879870314967,29.78663575217147,33.572102882652636,0.02978663575217147,0.017984284534060535,7576,25161,10030,17585,8530,7468,1455,44114,20,44.44444444444445,55.55555555555555,640,360,0.64,0.4444444444444445,14.399999999999999,6.48,2.222222222222222,640,1000,0.4444444444444445,0.64,1.4401329635180324e-35,True,5.0,0.5,0.005,100.0,2.0,2.5,3.0,2.0,1.6
deathERK_ld2p0_bdR2p0_bdT1p6__rep03,deathERK_ld2p0_bdR2p0_bdT1p6,3,1003,500,1000,1500,1000,True,18.30520231099697,48.27413442522717,29.968932114230196,33.36788899211955,0.029968932114230195,0.018521654276034027,7323,24280,9741,16957,8241,7247,1466,42734,20,44.44444444444445,55.55555555555555,649,351,0.649,0.4444444444444445,14.602499999999997,6.3180000000000005,2.3112535612535607,649,1000,0.4444444444444445,0.649,8.909829087160422e-39,True,5.0,0.5,0.005,100.0,2.0,2.5,3.0,2.0,1.6
deathERK_ld2p0_bdR2p0_bdT1p6__rep04,deathERK_ld2p0_bdR2p0_bdT1p6,4,1004,500,1000,1500,1000,True,17.560838599574655,54.89468047027419,37.33384187069953,26.785349428096854,0.03733384187069953,0.022127187722670527,7601,27286,11001,19685,9501,7555,1470,47312,20,44.44444444444445,55.55555555555555,641,359,0.641,0.4444444444444445,14.422499999999998,6.462000000000001,2.2318941504178267,641,1000,0.4444444444444445,0.641,6.447965154600049e-36,True,5.0,0.5,0.005,100.0,2.0,2.5,3.0,2.0,1.6
deathERK_ld2p0_bdR2p0_bdT1p6__rep05,deathERK_ld2p0_bdR2p0_bdT1p6,5,1005,500,1000,1500,1000,True,17.242441823037993,49.41898525778348,32.17654343474549,31.078540242460004,0.03217654343474549,0.020846811010716948,7720,24745,9924,17025,8424,7633,1468,43770,20,44.44444444444445,55.55555555555555,625,375,0.625,0.4444444444444445,14.062499999999998,6.750000000000001,2.0833333333333326,625,1000,0.4444444444444445,0.625,1.4779426351443492e-30,True,5.0,0.5,0.005,100.0,2.0,2.5,3.0,2.0,1.6
deathERK_ld2p0_bdR4p0_bdT0p4__rep01,deathERK_ld2p0_bdR4p0_bdT0p4,1,1001,500,1000,1500,1000,True,15.18972159373246,46.81612805301012,31.62640645927766,31.619147160699576,0.03162640645927766,0.01958381049498037,7202,23498,9345,16296,7845,7140,1436,41419,20,44.44444444444445,55.55555555555555,626,374,0.626,0.4444444444444445,14.084999999999999,6.732000000000001,2.0922459893048124,626,1000,0.4444444444444445,0.626,7.055524839515104e-31,True,5.0,0.5,0.005,100.0,2.0,2.5,3.0,4.0,0.4
deathERK_ld2p0_bdR4p0_bdT0p4__rep02,deathERK_ld2p0_bdR4p0_bdT0p4,2,1002,500,1000,1500,1000,True,18.290515823684768,44.36522412468744,26.07470830100267,38.3513398675891,0.02607470830100267,0.017628626932021163,7326,22264,8949,14938,7449,7265,1425,39903,20,44.44444444444445,55.55555555555555,583,417,0.583,0.4444444444444445,13.117499999999998,7.506000000000001,1.7476019184652274,583,1000,0.4444444444444445,0.583,1.0472874245684328e-18,True,5.0,0.5,0.005,100.0,2.0,2.5,3.0,4.0,0.4
deathERK_ld2p0_bdR4p0_bdT0p4__rep03,deathERK_ld2p0_bdR4p0_bdT0p4,3,1003,500,1000,1500,1000,True,14.870512247183353,40.551692792271155,25.681180545087802,38.93901988829233,0.025681180545087803,0.01659577372758747,6747,20437,8008,13690,6508,6664,1358,36467,20,44.44444444444445,55.55555555555555,586,414,0.586,0.4444444444444445,13.184999999999999,7.452000000000001,1.7693236714975842,586,1000,0.4444444444444445,0.586,1.897868869205051e-19,True,5.0,0.5,0.005,100.0,2.0,2.5,3.0,4.0,0.4
deathERK_ld2p0_bdR4p0_bdT0p4__rep04,deathERK_ld2p0_bdR4p0_bdT0p4,4,1004,500,1000,1500,1000,True,16.634728012302116,46.270826537473454,29.636098525171338,33.74263313204512,0.029636098525171337,0.019333020707421156,7392,23006,9143,15614,7643,7356,1410,40915,20,44.44444444444445,55.55555555555555,631,369,0.631,0.4444444444444445,14.197499999999998,6.642,2.137533875338753,631,1000,0.4444444444444445,0.631,1.6414423489049048e-32,True,5.0,0.5,0.005,100.0,2.0,2.5,3.0,4.0,0.4
deathERK_ld2p0_bdR4p0_bdT0p4__rep05,deathERK_ld2p0_bdR4p0_bdT0p4,5,1005,500,1000,1500,1000,True,13.37647491679469,46.16445839548534,32.78798347869065,30.498978403167534,0.03278798347869065,0.019815938470571837,7483,23038,9241,15555,7741,7401,1396,41076,20,44.44444444444445,55.55555555555555,673,327,0.673,0.4444444444444445,15.142499999999998,5.886000000000001,2.5726299694189594,673,1000,0.4444444444444445,0.673,4.3437155148118945e-48,True,5.0,0.5,0.005,100.0,2.0,2.5,3.0,4.0,0.4
deathERK_ld2p0_bdR4p0_bdT0p8__rep01,deathERK_ld2p0_bdR4p0_bdT0p8,1,1001,500,1000,1500,1000,True,17.88549359488989,36.4977121127117,18.612218517821812,53.728146327234825,0.018612218517821813,0.012239621230245135,6135,18200,7248,12065,5748,6076,1429,32953,20,44.44444444444445,55.55555555555555,575,425,0.575,0.4444444444444445,12.937499999999998,7.65,1.691176470588235,575,1000,0.4444444444444445,0.575,8.330340638011349e-17,True,5.0,0.5,0.005,100.0,2.0,2.5,3.0,4.0,0.8
deathERK_ld2p0_bdR4p0_bdT0p8__rep02,deathERK_ld2p0_bdR4p0_bdT0p8,2,1002,500,1000,1500,1000,True,17.89329597142866,38.62674063636582,20.733444664937156,48.23125226707383,0.020733444664937158,0.014370875144264161,5718,19525,7773,13807,6273,5631,1438,34367,20,44.44444444444445,55.55555555555555,645,355,0.645,0.4444444444444445,14.512499999999998,6.390000000000001,2.2711267605633796,645,1000,0.4444444444444445,0.645,2.4815696408220505e-37,True,5.0,0.5,0.005,100.0,2.0,2.5,3.0,4.0,0.8
deathERK_ld2p0_bdR4p0_bdT0p8__rep03,deathERK_ld2p0_bdR4p0_bdT0p8,3,1003,500,1000,1500,1000,True,12.100210534108932,35.10833002332308,23.008119489214145,43.4629175352112,0.023008119489214145,0.015457518931379255,5793,17510,7041,11717,5541,5727,1445,31723,20,44.44444444444445,55.55555555555555,622,378,0.622,0.4444444444444445,13.994999999999997,6.804,2.0568783068783065,622,1000,0.4444444444444445,0.622,1.3243889209824878e-29,True,5.0,0.5,0.005,100.0,2.0,2.5,3.0,4.0,0.8
deathERK_ld2p0_bdR4p0_bdT0p8__rep04,deathERK_ld2p0_bdR4p0_bdT0p8,4,1004,500,1000,1500,1000,True,12.688792720233769,35.92478648488613,23.235993764652356,43.03667878932061,0.023235993764652355,0.015127535948174398,5620,17852,7190,12232,5690,5579,1451,32072,20,44.44444444444445,55.55555555555555,662,338,0.662,0.4444444444444445,14.894999999999998,6.0840000000000005,2.4482248520710055,662,1000,0.4444444444444445,0.662,1.1060792268932456e-43,True,5.0,0.5,0.005,100.0,2.0,2.5,3.0,4.0,0.8
deathERK_ld2p0_bdR4p0_bdT0p8__rep05,deathERK_ld2p0_bdR4p0_bdT0p8,5,1005,500,1000,1500,1000,True,14.070434512238759,42.039375185802655,27.968940673563896,35.75394619593852,0.027968940673563897,0.016482357328282404,6459,21070,8333,14611,6833,6366,1432,37201,20,44.44444444444445,55.55555555555555,653,347,0.653,0.4444444444444445,14.692499999999999,6.246,2.3523054755043225,653,1000,0.4444444444444445,0.653,2.9832467272401996e-40,True,5.0,0.5,0.005,100.0,2.0,2.5,3.0,4.0,0.8
deathERK_ld2p0_bdR4p0_bdT1p6__rep01,deathERK_ld2p0_bdR4p0_bdT1p6,1,1001,500,1000,1500,1000,True,13.845494270026496,33.46809635653931,19.622602086512817,50.961640846161224,0.019622602086512817,0.013129841827172584,5168,16629,6713,11461,5213,5125,1467,29934,20,44.44444444444445,55.55555555555555,653,347,0.653,0.4444444444444445,14.692499999999999,6.246,2.3523054755043225,653,1000,0.4444444444444445,0.653,2.9832467272401996e-40,True,5.0,0.5,0.005,100.0,2.0,2.5,3.0,4.0,1.6
deathERK_ld2p0_bdR4p0_bdT1p6__rep02,deathERK_ld2p0_bdR4p0_bdT1p6,2,1002,500,1000,1500,1000,True,10.810354414416022,30.30359460537606,19.493240190960037,51.29983472238487,0.019493240190960038,0.012517992601184247,5275,15147,6111,9872,4611,5229,1469,27956,20,44.44444444444445,55.55555555555555,601,399,0.601,0.4444444444444445,13.522499999999999,7.182,1.882832080200501,601,1000,0.4444444444444445,0.601,2.135889327446231e-23,True,5.0,0.5,0.005,100.0,2.0,2.5,3.0,4.0,1.6
deathERK_ld2p0_bdR4p0_bdT1p6__rep03,deathERK_ld2p0_bdR4p0_bdT1p6,3,1003,500,1000,1500,1000,True,11.319073252862687,35.02138183072748,23.70230857786479,42.18998317041084,0.023702308577864793,0.015525829067758679,5379,17616,6835,12237,5335,5301,1466,31218,20,44.44444444444445,55.55555555555555,635,365,0.635,0.4444444444444445,14.287499999999998,6.57,2.174657534246575,635,1000,0.4444444444444445,0.635,7.503380189199783e-34,True,5.0,0.5,0.005,100.0,2.0,2.5,3.0,4.0,1.6
deathERK_ld2p0_bdR4p0_bdT1p6__rep04,deathERK_ld2p0_bdR4p0_bdT1p6,4,1004,500,1000,1500,1000,True,13.496519069568157,30.736704277863097,17.24018520829494,58.00401723752134,0.01724018520829494,0.011302026332263182,5281,15357,6231,10076,4731,5221,1452,28261,20,44.44444444444445,55.55555555555555,549,451,0.549,0.4444444444444445,12.3525,8.118,1.5216186252771617,549,1000,0.4444444444444445,0.549,2.1203345637918177e-11,True,5.0,0.5,0.005,100.0,2.0,2.5,3.0,4.0,1.6
deathERK_ld2p0_bdR4p0_bdT1p6__rep05,deathERK_ld2p0_bdR4p0_bdT1p6,5,1005,500,1000,1500,1000,True,14.345877426509881,36.9486925944974,22.602815167987522,44.24227657342015,0.02260281516798752,0.013544273772584603,5193,18601,7506,13408,6006,5115,1472,32694,20,44.44444444444445,55.55555555555555,628,372,0.628,0.4444444444444445,14.129999999999999,6.696000000000001,2.1102150537634405,628,1000,0.4444444444444445,0.628,1.587620792900055e-31,True,5.0,0.5,0.005,100.0,2.0,2.5,3.0,4.0,1.6
