experiment,base_scenario,replicate,seed,activation_regime,erk_regime,regime_meaning,lambda_a_T,lambda_a_c,beta_a_R,beta_a_T,lambda_d,beta_d_R,beta_d_T,burn_in_deaths,target_deaths,burn_in_time,analysis_time_span,observed_death_rate_after_burnin,accepted_activations_total,accepted_activations_during_analysis,death_candidates,death_rejected,activation_candidates,activation_rejected,active_center_expirations,erk_zone_expirations,all_proposals,stopped_by_target,n_observed_deaths_analyzed,t_zone_binomial_test_k,t_zone_binomial_test_n,t_zone_area_fraction,t_zone_observed_fraction,t_zone_density_ratio,t_zone_binomial_p_value_greater
E1A_fixed_1000_deaths,E1A_strong_ERK_protection_ld0p25,1,17002,medium_activation,strong_ERK_protection,"large ERK radius, long ERK lifetime",0.5,0.005,2.5,3.0,0.25,1.0,0.4,500,1000,157.19685836824422,311.9890732773806,3.205240457607079,72896,49285,11686,10186,234068,161172,72842,1492,320088,True,1000,579,1000,0.4444444444444445,0.579,1.7191211401425173,9.647931141777522e-18
E1A_fixed_1000_deaths,E1A_strong_ERK_protection_ld0p25,2,17003,medium_activation,strong_ERK_protection,"large ERK radius, long ERK lifetime",0.5,0.005,2.5,3.0,0.25,1.0,0.4,500,1000,142.56123588737137,271.92965996318264,3.677421580769795,63820,41881,10202,8702,207305,143485,63768,1493,282768,True,1000,624,1000,0.4444444444444445,0.624,2.0744680851063824,3.082809139451359e-30
E1A_fixed_1000_deaths,E1A_strong_ERK_protection_ld0p25,3,17004,medium_activation,strong_ERK_protection,"large ERK radius, long ERK lifetime",0.5,0.005,2.5,3.0,0.25,1.0,0.4,500,1000,156.90996926654066,285.9410858516524,3.4972239019851967,68254,43985,11103,9603,221238,152984,68210,1493,302044,True,1000,582,1000,0.4444444444444445,0.582,1.740430622009569,1.835697808477806e-18
E1A_fixed_1000_deaths,E1A_strong_ERK_protection_ld0p25,4,17005,medium_activation,strong_ERK_protection,"large ERK radius, long ERK lifetime",0.5,0.005,2.5,3.0,0.25,1.0,0.4,500,1000,142.66210892142388,300.1014186404144,3.332206840375565,67835,45259,11028,9528,221838,154003,67794,1487,302147,True,1000,619,1000,0.4444444444444445,0.619,2.030839895013123,1.1425539729527616e-28
E1A_fixed_1000_deaths,E1A_strong_ERK_protection_ld0p25,5,17006,medium_activation,strong_ERK_protection,"large ERK radius, long ERK lifetime",0.5,0.005,2.5,3.0,0.25,1.0,0.4,500,1000,166.49594140195535,292.94690967712773,3.413587810508576,69158,45003,11371,9871,229482,160324,69116,1485,311454,True,1000,638,1000,0.4444444444444445,0.638,2.2030386740331487,7.0916337491396e-35
E1A_fixed_1000_deaths,E1A_strong_ERK_protection_ld0p25,6,17007,medium_activation,strong_ERK_protection,"large ERK radius, long ERK lifetime",0.5,0.005,2.5,3.0,0.25,1.0,0.4,500,1000,159.46883879517267,277.1671672268128,3.607930946531178,69867,44084,10767,9267,217371,147504,69822,1491,299451,True,1000,608,1000,0.4444444444444445,0.608,1.9387755102040811,2.234072913876237e-25
E1A_fixed_1000_deaths,E1A_strong_ERK_protection_ld0p25,7,17008,medium_activation,strong_ERK_protection,"large ERK radius, long ERK lifetime",0.5,0.005,2.5,3.0,0.25,1.0,0.4,500,1000,158.97959892744515,272.0684755762484,3.6755452754383726,68469,43440,10864,9364,214813,146344,68414,1483,295574,True,1000,593,1000,0.4444444444444445,0.593,1.8212530712530708,3.0577837962605008e-21
E1A_fixed_1000_deaths,E1A_strong_ERK_protection_ld0p25,8,17009,medium_activation,strong_ERK_protection,"large ERK radius, long ERK lifetime",0.5,0.005,2.5,3.0,0.25,1.0,0.4,500,1000,142.74284036431123,298.8358342092434,3.3463188999609894,69666,48194,11036,9536,221137,151471,69629,1494,303296,True,1000,625,1000,0.4444444444444445,0.625,2.0833333333333326,1.4779426351443492e-30
E1A_fixed_1000_deaths,E1A_strong_ERK_protection_ld0p25,9,17010,medium_activation,strong_ERK_protection,"large ERK radius, long ERK lifetime",0.5,0.005,2.5,3.0,0.25,1.0,0.4,500,1000,165.39741342164294,294.77434346343557,3.3924255016584985,66405,43601,11572,10072,229404,162999,66341,1485,308802,True,1000,623,1000,0.4444444444444445,0.623,2.0656498673740047,6.403222596638276e-30
E1A_fixed_1000_deaths,E1A_strong_ERK_protection_ld0p25,10,17011,medium_activation,strong_ERK_protection,"large ERK radius, long ERK lifetime",0.5,0.005,2.5,3.0,0.25,1.0,0.4,500,1000,138.49548834470127,307.89375573560017,3.2478735972116866,67893,46277,11237,9737,222260,154367,67851,1490,302838,True,1000,592,1000,0.4444444444444445,0.592,1.8137254901960782,5.582867387313631e-21
E1A_fixed_1000_deaths,E1A_strong_ERK_protection_ld0p5,1,17102,medium_activation,strong_ERK_protection,"large ERK radius, long ERK lifetime",0.5,0.005,2.5,3.0,0.5,1.0,0.4,500,1000,102.42681031147707,204.21211405188922,4.896869143355057,46809,31583,15435,13935,153152,106343,46705,1480,216772,True,1000,577,1000,0.4444444444444445,0.577,1.7050827423167845,2.8579862795730186e-17
E1A_fixed_1000_deaths,E1A_strong_ERK_protection_ld0p5,2,17103,medium_activation,strong_ERK_protection,"large ERK radius, long ERK lifetime",0.5,0.005,2.5,3.0,0.5,1.0,0.4,500,1000,123.79463150594333,201.26646578946097,4.968537585620801,51821,32920,16340,14840,162435,110614,51786,1482,232043,True,1000,557,1000,0.4444444444444445,0.557,1.5716704288939047,6.135905708377438e-13
E1A_fixed_1000_deaths,E1A_strong_ERK_protection_ld0p5,3,17104,medium_activation,strong_ERK_protection,"large ERK radius, long ERK lifetime",0.5,0.005,2.5,3.0,0.5,1.0,0.4,500,1000,131.58966247063242,217.20711338393667,4.603900785847624,51740,33360,17511,16011,174167,122427,51686,1485,244849,True,1000,620,1000,0.4444444444444445,0.62,2.0394736842105257,5.594387809913648e-29
E1A_fixed_1000_deaths,E1A_strong_ERK_protection_ld0p5,4,17105,medium_activation,strong_ERK_protection,"large ERK radius, long ERK lifetime",0.5,0.005,2.5,3.0,0.5,1.0,0.4,500,1000,115.22301837657652,203.65585991601387,4.910244175701069,45912,29226,16233,14733,159322,113410,45861,1492,222908,True,1000,594,1000,0.4444444444444445,0.594,1.8288177339901475,1.667923283410924e-21
E1A_fixed_1000_deaths,E1A_strong_ERK_protection_ld0p5,5,17106,medium_activation,strong_ERK_protection,"large ERK radius, long ERK lifetime",0.5,0.005,2.5,3.0,0.5,1.0,0.4,500,1000,113.72280792361082,229.8163827740003,4.351299885280122,51755,35012,17023,15523,172038,120283,51691,1492,242244,True,1000,642,1000,0.4444444444444445,0.642,2.241620111731843,2.8745346235440736e-36
E1A_fixed_1000_deaths,E1A_strong_ERK_protection_ld0p5,6,17107,medium_activation,strong_ERK_protection,"large ERK radius, long ERK lifetime",0.5,0.005,2.5,3.0,0.5,1.0,0.4,500,1000,117.60532917146212,236.83114462579266,4.222417628306697,52765,34937,17855,16355,177155,124390,52691,1492,249193,True,1000,638,1000,0.4444444444444445,0.638,2.2030386740331487,7.0916337491396e-35
E1A_fixed_1000_deaths,E1A_strong_ERK_protection_ld0p5,7,17108,medium_activation,strong_ERK_protection,"large ERK radius, long ERK lifetime",0.5,0.005,2.5,3.0,0.5,1.0,0.4,500,1000,106.70774381737019,213.51916789487714,4.683420274906347,50134,33683,16329,14829,159384,109250,50064,1486,227263,True,1000,591,1000,0.4444444444444445,0.591,1.8062347188264054,1.015147828555154e-20
E1A_fixed_1000_deaths,E1A_strong_ERK_protection_ld0p5,8,17109,medium_activation,strong_ERK_protection,"large ERK radius, long ERK lifetime",0.5,0.005,2.5,3.0,0.5,1.0,0.4,500,1000,102.20344921871067,195.38310378576261,5.118149832937955,46940,32117,14964,13464,149071,102131,46885,1485,212405,True,1000,581,1000,0.4444444444444445,0.581,1.7332935560859184,3.20459650607683e-18
E1A_fixed_1000_deaths,E1A_strong_ERK_protection_ld0p5,9,17110,medium_activation,strong_ERK_protection,"large ERK radius, long ERK lifetime",0.5,0.005,2.5,3.0,0.5,1.0,0.4,500,1000,109.2531895855597,210.21169647158922,4.757109222679021,51368,34831,16090,14590,160402,109034,51277,1478,229247,True,1000,595,1000,0.4444444444444445,0.595,1.8364197530864192,9.060738171082648e-22
E1A_fixed_1000_deaths,E1A_strong_ERK_protection_ld0p5,10,17111,medium_activation,strong_ERK_protection,"large ERK radius, long ERK lifetime",0.5,0.005,2.5,3.0,0.5,1.0,0.4,500,1000,119.13409871585407,213.86713312079098,4.67580027565622,51026,33682,16608,15108,166612,115586,50948,1481,235649,True,1000,595,1000,0.4444444444444445,0.595,1.8364197530864192,9.060738171082648e-22
E1A_fixed_1000_deaths,E1A_strong_ERK_protection_ld1p0,1,17202,medium_activation,strong_ERK_protection,"large ERK radius, long ERK lifetime",0.5,0.005,2.5,3.0,1.0,1.0,0.4,500,1000,87.87522395864715,181.97175651728088,5.495358286026301,43697,29703,26874,25374,135459,91762,43622,1489,207444,True,1000,593,1000,0.4444444444444445,0.593,1.8212530712530708,3.0577837962605008e-21
E1A_fixed_1000_deaths,E1A_strong_ERK_protection_ld1p0,2,17203,medium_activation,strong_ERK_protection,"large ERK radius, long ERK lifetime",0.5,0.005,2.5,3.0,1.0,1.0,0.4,500,1000,84.81259961902853,190.25336405917048,5.256148846277384,43611,30232,27468,25968,137826,94215,43559,1491,210344,True,1000,599,1000,0.4444444444444445,0.599,1.8672069825436406,7.572911711703456e-23
E1A_fixed_1000_deaths,E1A_strong_ERK_protection_ld1p0,3,17204,medium_activation,strong_ERK_protection,"large ERK radius, long ERK lifetime",0.5,0.005,2.5,3.0,1.0,1.0,0.4,500,1000,82.9304577329385,156.82128837090693,6.376685272696162,37628,25101,24024,22524,119749,82121,37557,1483,182813,True,1000,605,1000,0.4444444444444445,0.605,1.9145569620253162,1.6168680223620756e-24
E1A_fixed_1000_deaths,E1A_strong_ERK_protection_ld1p0,4,17205,medium_activation,strong_ERK_protection,"large ERK radius, long ERK lifetime",0.5,0.005,2.5,3.0,1.0,1.0,0.4,500,1000,77.67773450525397,170.34691216988972,5.870373505817844,39873,26358,24663,23163,124180,84307,39800,1480,190123,True,1000,569,1000,0.4444444444444445,0.569,1.6502320185614845,1.872596532209616e-15
E1A_fixed_1000_deaths,E1A_strong_ERK_protection_ld1p0,5,17206,medium_activation,strong_ERK_protection,"large ERK radius, long ERK lifetime",0.5,0.005,2.5,3.0,1.0,1.0,0.4,500,1000,83.47930661954982,160.57309224673827,6.227693482189343,37427,24341,24203,22703,121704,84277,37374,1484,184765,True,1000,623,1000,0.4444444444444445,0.623,2.0656498673740047,6.403222596638276e-30
E1A_fixed_1000_deaths,E1A_strong_ERK_protection_ld1p0,6,17207,medium_activation,strong_ERK_protection,"large ERK radius, long ERK lifetime",0.5,0.005,2.5,3.0,1.0,1.0,0.4,500,1000,84.94982326049424,159.3716226114064,6.274642772749362,36876,25122,24490,22990,122476,85600,36823,1483,185272,True,1000,548,1000,0.4444444444444445,0.548,1.5154867256637163,3.2432054797713713e-11
E1A_fixed_1000_deaths,E1A_strong_ERK_protection_ld1p0,7,17208,medium_activation,strong_ERK_protection,"large ERK radius, long ERK lifetime",0.5,0.005,2.5,3.0,1.0,1.0,0.4,500,1000,83.38725370282717,163.86356582324836,6.1026378559261385,38725,26195,24699,23199,123596,84871,38651,1485,188431,True,1000,603,1000,0.4444444444444445,0.603,1.898614609571788,5.925439896648793e-24
E1A_fixed_1000_deaths,E1A_strong_ERK_protection_ld1p0,8,17209,medium_activation,strong_ERK_protection,"large ERK radius, long ERK lifetime",0.5,0.005,2.5,3.0,1.0,1.0,0.4,500,1000,68.20369058458276,167.50787547669273,5.96986856381652,38087,26853,23590,22090,117481,79394,38055,1482,180608,True,1000,584,1000,0.4444444444444445,0.584,1.754807692307692,5.950671288921793e-19
E1A_fixed_1000_deaths,E1A_strong_ERK_protection_ld1p0,9,17210,medium_activation,strong_ERK_protection,"large ERK radius, long ERK lifetime",0.5,0.005,2.5,3.0,1.0,1.0,0.4,500,1000,79.43573713476,172.61592770034588,5.79320815478835,35587,24685,25150,23650,125605,90018,35538,1488,187781,True,1000,601,1000,0.4444444444444445,0.601,1.882832080200501,2.135889327446231e-23
E1A_fixed_1000_deaths,E1A_strong_ERK_protection_ld1p0,10,17211,medium_activation,strong_ERK_protection,"large ERK radius, long ERK lifetime",0.5,0.005,2.5,3.0,1.0,1.0,0.4,500,1000,80.84018787848825,161.43258279120047,6.19453633653013,37042,24754,24538,23038,121458,84416,36986,1484,184466,True,1000,619,1000,0.4444444444444445,0.619,2.030839895013123,1.1425539729527616e-28
E1A_fixed_1000_deaths,E1A_strong_ERK_protection_ld2p0,1,17302,medium_activation,strong_ERK_protection,"large ERK radius, long ERK lifetime",0.5,0.005,2.5,3.0,2.0,1.0,0.4,500,1000,61.329477615689,140.75872925357166,7.104355128118107,32313,21998,40706,39206,100164,67851,32284,1477,174631,True,1000,537,1000,0.4444444444444445,0.537,1.4497840172786172,2.6804802707028963e-09
E1A_fixed_1000_deaths,E1A_strong_ERK_protection_ld2p0,2,17303,medium_activation,strong_ERK_protection,"large ERK radius, long ERK lifetime",0.5,0.005,2.5,3.0,2.0,1.0,0.4,500,1000,67.31396361404606,116.81096824236366,8.560839919802424,27493,17135,37086,35586,91965,64472,27419,1482,157952,True,1000,594,1000,0.4444444444444445,0.594,1.8288177339901475,1.667923283410924e-21
E1A_fixed_1000_deaths,E1A_strong_ERK_protection_ld2p0,3,17304,medium_activation,strong_ERK_protection,"large ERK radius, long ERK lifetime",0.5,0.005,2.5,3.0,2.0,1.0,0.4,500,1000,77.9363262633324,132.38367844224808,7.5538012825066385,31998,20802,41700,40200,105094,73096,31975,1477,180246,True,1000,560,1000,0.4444444444444445,0.56,1.5909090909090904,1.5221071867439845e-13
E1A_fixed_1000_deaths,E1A_strong_ERK_protection_ld2p0,4,17305,medium_activation,strong_ERK_protection,"large ERK radius, long ERK lifetime",0.5,0.005,2.5,3.0,2.0,1.0,0.4,500,1000,61.83270151085629,146.9149150437052,6.806660846534972,32313,22225,41901,40401,103853,71540,32262,1474,179490,True,1000,587,1000,0.4444444444444445,0.587,1.7766343825665853,1.0652789204078878e-19
E1A_fixed_1000_deaths,E1A_strong_ERK_protection_ld2p0,5,17306,medium_activation,strong_ERK_protection,"large ERK radius, long ERK lifetime",0.5,0.005,2.5,3.0,2.0,1.0,0.4,500,1000,63.76593922726431,121.2727013215098,8.2458788260094,29888,18901,36587,35087,91993,62105,29827,1483,159890,True,1000,603,1000,0.4444444444444445,0.603,1.898614609571788,5.925439896648793e-24
E1A_fixed_1000_deaths,E1A_strong_ERK_protection_ld2p0,6,17307,medium_activation,strong_ERK_protection,"large ERK radius, long ERK lifetime",0.5,0.005,2.5,3.0,2.0,1.0,0.4,500,1000,73.99717037912743,140.07167256198645,7.1392022506011426,32897,22773,43009,41509,107742,74845,32847,1482,185080,True,1000,579,1000,0.4444444444444445,0.579,1.7191211401425173,9.647931141777522e-18
E1A_fixed_1000_deaths,E1A_strong_ERK_protection_ld2p0,7,17308,medium_activation,strong_ERK_protection,"large ERK radius, long ERK lifetime",0.5,0.005,2.5,3.0,2.0,1.0,0.4,500,1000,71.38931754186733,141.4738892009047,7.068442139029039,30657,20368,42430,40930,106244,75587,30608,1477,180759,True,1000,615,1000,0.4444444444444445,0.615,1.9967532467532463,1.9060059803046098e-27
E1A_fixed_1000_deaths,E1A_strong_ERK_protection_ld2p0,8,17309,medium_activation,strong_ERK_protection,"large ERK radius, long ERK lifetime",0.5,0.005,2.5,3.0,2.0,1.0,0.4,500,1000,71.5274294970615,125.67436787009176,7.957072050154963,30917,19535,39450,37950,98040,67123,30798,1474,169762,True,1000,601,1000,0.4444444444444445,0.601,1.882832080200501,2.135889327446231e-23
E1A_fixed_1000_deaths,E1A_strong_ERK_protection_ld2p0,9,17310,medium_activation,strong_ERK_protection,"large ERK radius, long ERK lifetime",0.5,0.005,2.5,3.0,2.0,1.0,0.4,500,1000,60.61822399536533,148.72275554824455,6.723920601885348,31105,20973,42126,40626,104626,73521,31048,1477,179277,True,1000,600,1000,0.4444444444444445,0.6,1.8749999999999996,4.030108246722848e-23
E1A_fixed_1000_deaths,E1A_strong_ERK_protection_ld2p0,10,17311,medium_activation,strong_ERK_protection,"large ERK radius, long ERK lifetime",0.5,0.005,2.5,3.0,2.0,1.0,0.4,500,1000,59.256640329735134,122.45153813073635,8.166496029901577,29708,20043,36084,34584,91164,61456,29659,1484,158391,True,1000,562,1000,0.4444444444444445,0.562,1.6038812785388123,5.890639343734763e-14
E1A_fixed_1000_deaths,E1A_strong_ERK_protection_ld4p0,1,17402,medium_activation,strong_ERK_protection,"large ERK radius, long ERK lifetime",0.5,0.005,2.5,3.0,4.0,1.0,0.4,500,1000,69.2014183633371,118.83992142830226,8.414680756948444,27218,17463,75087,73587,94184,66966,27137,1483,197891,True,1000,601,1000,0.4444444444444445,0.601,1.882832080200501,2.135889327446231e-23
E1A_fixed_1000_deaths,E1A_strong_ERK_protection_ld4p0,2,17403,medium_activation,strong_ERK_protection,"large ERK radius, long ERK lifetime",0.5,0.005,2.5,3.0,4.0,1.0,0.4,500,1000,58.074974442681615,123.56458291882245,8.092933884274627,27159,18467,72821,71321,90312,63153,27125,1471,191729,True,1000,519,1000,0.4444444444444445,0.519,1.3487525987525983,1.3243921984110556e-06
E1A_fixed_1000_deaths,E1A_strong_ERK_protection_ld4p0,3,17404,medium_activation,strong_ERK_protection,"large ERK radius, long ERK lifetime",0.5,0.005,2.5,3.0,4.0,1.0,0.4,500,1000,69.70908122974313,114.25543316487256,8.752319012759619,28211,17902,74081,72581,91109,62898,28152,1472,194814,True,1000,543,1000,0.4444444444444445,0.543,1.485229759299781,2.559154822068401e-10
E1A_fixed_1000_deaths,E1A_strong_ERK_protection_ld4p0,4,17405,medium_activation,strong_ERK_protection,"large ERK radius, long ERK lifetime",0.5,0.005,2.5,3.0,4.0,1.0,0.4,500,1000,81.6774208643797,122.57053886412017,8.158567378973382,29702,19460,81813,80313,102114,72412,29659,1479,215065,True,1000,542,1000,0.4444444444444445,0.542,1.479257641921397,3.8228248880600307e-10
E1A_fixed_1000_deaths,E1A_strong_ERK_protection_ld4p0,5,17406,medium_activation,strong_ERK_protection,"large ERK radius, long ERK lifetime",0.5,0.005,2.5,3.0,4.0,1.0,0.4,500,1000,61.458519169544644,127.35527577466428,7.852050053814397,28695,19048,75638,74138,93936,65241,28616,1475,199665,True,1000,559,1000,0.4444444444444445,0.559,1.5844671201814056,2.432132160369804e-13
E1A_fixed_1000_deaths,E1A_strong_ERK_protection_ld4p0,6,17407,medium_activation,strong_ERK_protection,"large ERK radius, long ERK lifetime",0.5,0.005,2.5,3.0,4.0,1.0,0.4,500,1000,48.030643207646484,108.32180183445215,9.231751900954313,24625,16858,62574,61074,78241,53616,24574,1482,166871,True,1000,568,1000,0.4444444444444445,0.568,1.6435185185185182,3.101893819185914e-15
E1A_fixed_1000_deaths,E1A_strong_ERK_protection_ld4p0,7,17408,medium_activation,strong_ERK_protection,"large ERK radius, long ERK lifetime",0.5,0.005,2.5,3.0,4.0,1.0,0.4,500,1000,55.429948143609835,112.87766060012939,8.859148875724076,26067,16851,67362,65862,83819,57752,25991,1464,178636,True,1000,558,1000,0.4444444444444445,0.558,1.5780542986425337,3.870774581910679e-13
E1A_fixed_1000_deaths,E1A_strong_ERK_protection_ld4p0,8,17409,medium_activation,strong_ERK_protection,"large ERK radius, long ERK lifetime",0.5,0.005,2.5,3.0,4.0,1.0,0.4,500,1000,55.25545415000466,111.8011678528525,8.944450395331769,24179,16070,67083,65583,83823,59644,24135,1487,176528,True,1000,588,1000,0.4444444444444445,0.588,1.7839805825242716,5.955109629264e-20
E1A_fixed_1000_deaths,E1A_strong_ERK_protection_ld4p0,9,17410,medium_activation,strong_ERK_protection,"large ERK radius, long ERK lifetime",0.5,0.005,2.5,3.0,4.0,1.0,0.4,500,1000,48.77806973877392,123.46873307431628,8.099216498788373,26358,18991,69541,68041,85493,59135,26314,1472,182820,True,1000,554,1000,0.4444444444444445,0.554,1.552690582959641,2.3864626319095913e-12
E1A_fixed_1000_deaths,E1A_strong_ERK_protection_ld4p0,10,17411,medium_activation,strong_ERK_protection,"large ERK radius, long ERK lifetime",0.5,0.005,2.5,3.0,4.0,1.0,0.4,500,1000,57.65745261991042,109.78799473142251,9.108464021465446,24451,16539,67016,65516,83505,59054,24403,1474,176398,True,1000,557,1000,0.4444444444444445,0.557,1.5716704288939047,6.135905708377438e-13
E1A_fixed_1000_deaths,E1A_reference_ERK_ld0p25,1,18002,medium_activation,reference_ERK,reference ERK protection,0.5,0.005,2.5,3.0,0.25,2.0,0.8,500,1000,91.64594072256992,177.50982335641547,5.633491043434462,38758,26311,6787,5287,134203,95445,38685,1491,181166,True,1000,645,1000,0.4444444444444445,0.645,2.2711267605633796,2.4815696408220505e-37
E1A_fixed_1000_deaths,E1A_reference_ERK_ld0p25,2,18003,medium_activation,reference_ERK,reference ERK protection,0.5,0.005,2.5,3.0,0.25,2.0,0.8,500,1000,92.40706460095932,173.34696034025325,5.768777243264923,39234,26200,6640,5140,133359,94125,39164,1495,180658,True,1000,648,1000,0.4444444444444445,0.648,2.3011363636363633,2.060250398750476e-38
E1A_fixed_1000_deaths,E1A_reference_ERK_ld0p25,3,18004,medium_activation,reference_ERK,reference ERK protection,0.5,0.005,2.5,3.0,0.25,2.0,0.8,500,1000,79.31196194792079,171.21886744115145,5.84047783369262,40399,26695,6267,4767,125439,85040,40339,1490,173535,True,1000,639,1000,0.4444444444444445,0.639,2.212603878116343,3.2026514079678003e-35
E1A_fixed_1000_deaths,E1A_reference_ERK_ld0p25,4,18005,medium_activation,reference_ERK,reference ERK protection,0.5,0.005,2.5,3.0,0.25,2.0,0.8,500,1000,83.61325025983342,176.6326716030008,5.661466765602673,39638,26995,6496,4996,129597,89959,39595,1496,177184,True,1000,661,1000,0.4444444444444445,0.661,2.437315634218289,2.708210341407194e-43
E1A_fixed_1000_deaths,E1A_reference_ERK_ld0p25,5,18006,medium_activation,reference_ERK,reference ERK protection,0.5,0.005,2.5,3.0,0.25,2.0,0.8,500,1000,94.33289557978203,150.23493474176365,6.65624145089079,37896,24969,6130,4630,121684,83788,37836,1492,167142,True,1000,627,1000,0.4444444444444445,0.627,2.1012064343163535,3.353974594181965e-31
E1A_fixed_1000_deaths,E1A_reference_ERK_ld0p25,6,18007,medium_activation,reference_ERK,reference ERK protection,0.5,0.005,2.5,3.0,0.25,2.0,0.8,500,1000,78.01309347083043,176.38261875714136,5.669492873200195,39849,26835,6406,4906,127225,87376,39775,1484,174890,True,1000,632,1000,0.4444444444444445,0.632,2.1467391304347823,7.638661162565123e-33
E1A_fixed_1000_deaths,E1A_reference_ERK_ld0p25,7,18008,medium_activation,reference_ERK,reference ERK protection,0.5,0.005,2.5,3.0,0.25,2.0,0.8,500,1000,90.95390957073977,171.546760637197,5.829314388016296,40780,27457,6620,5120,131943,91163,40748,1493,180804,True,1000,618,1000,0.4444444444444445,0.618,2.022251308900523,2.323667532586829e-28
E1A_fixed_1000_deaths,E1A_reference_ERK_ld0p25,8,18009,medium_activation,reference_ERK,reference ERK protection,0.5,0.005,2.5,3.0,0.25,2.0,0.8,500,1000,83.83398813081052,176.0262356135373,5.6809713422235735,39545,26788,6423,4923,129334,89789,39472,1492,176721,True,1000,645,1000,0.4444444444444445,0.645,2.2711267605633796,2.4815696408220505e-37
E1A_fixed_1000_deaths,E1A_reference_ERK_ld0p25,9,18010,medium_activation,reference_ERK,reference ERK protection,0.5,0.005,2.5,3.0,0.25,2.0,0.8,500,1000,84.35941470087663,173.4349518870464,5.765850476617156,40254,26441,6381,4881,128461,88207,40180,1489,176511,True,1000,647,1000,0.4444444444444445,0.647,2.291076487252124,4.743272118093244e-38
E1A_fixed_1000_deaths,E1A_reference_ERK_ld0p25,10,18011,medium_activation,reference_ERK,reference ERK protection,0.5,0.005,2.5,3.0,0.25,2.0,0.8,500,1000,82.14113163953513,181.8035386830774,5.500442990514143,40353,26349,6586,5086,132198,91845,40297,1492,180573,True,1000,662,1000,0.4444444444444445,0.662,2.4482248520710055,1.1060792268932456e-43
E1A_fixed_1000_deaths,E1A_reference_ERK_ld0p5,1,18102,medium_activation,reference_ERK,reference ERK protection,0.5,0.005,2.5,3.0,0.5,2.0,0.8,500,1000,48.23551294382892,92.8966230340969,10.764653949077983,22760,15043,7031,5531,71246,48486,22711,1489,102477,True,1000,658,1000,0.4444444444444445,0.658,2.4049707602339176,3.8709346841095237e-42
E1A_fixed_1000_deaths,E1A_reference_ERK_ld0p5,2,18103,medium_activation,reference_ERK,reference ERK protection,0.5,0.005,2.5,3.0,0.5,2.0,0.8,500,1000,44.240183096443715,112.3174082758997,8.903339342941136,24448,16323,7755,6255,78280,53832,24395,1485,111915,True,1000,629,1000,0.4444444444444445,0.629,2.119272237196765,7.483214707624085e-32
E1A_fixed_1000_deaths,E1A_reference_ERK_ld0p5,3,18104,medium_activation,reference_ERK,reference ERK protection,0.5,0.005,2.5,3.0,0.5,2.0,0.8,500,1000,57.536221173532724,84.43476694791768,11.843462546853893,22905,15150,6909,5409,70740,47835,22840,1487,101976,True,1000,631,1000,0.4444444444444445,0.631,2.137533875338753,1.6414423489049048e-32
E1A_fixed_1000_deaths,E1A_reference_ERK_ld0p5,4,18105,medium_activation,reference_ERK,reference ERK protection,0.5,0.005,2.5,3.0,0.5,2.0,0.8,500,1000,50.02805358961216,98.38413944243587,10.164239944235073,23751,15368,7322,5822,73925,50174,23718,1495,106460,True,1000,618,1000,0.4444444444444445,0.618,2.022251308900523,2.323667532586829e-28
E1A_fixed_1000_deaths,E1A_reference_ERK_ld0p5,5,18106,medium_activation,reference_ERK,reference ERK protection,0.5,0.005,2.5,3.0,0.5,2.0,0.8,500,1000,43.13214943093511,107.97739219056572,9.261197920349225,22771,15357,7509,6009,75463,52692,22721,1491,107184,True,1000,644,1000,0.4444444444444445,0.644,2.2612359550561796,5.639256993186363e-37
E1A_fixed_1000_deaths,E1A_reference_ERK_ld0p5,6,18107,medium_activation,reference_ERK,reference ERK protection,0.5,0.005,2.5,3.0,0.5,2.0,0.8,500,1000,42.789403643702876,113.96601621049635,8.774545546568813,23410,15811,7910,6410,78084,54674,23352,1486,110832,True,1000,647,1000,0.4444444444444445,0.647,2.291076487252124,4.743272118093244e-38
E1A_fixed_1000_deaths,E1A_reference_ERK_ld0p5,7,18108,medium_activation,reference_ERK,reference ERK protection,0.5,0.005,2.5,3.0,0.5,2.0,0.8,500,1000,52.48630437320264,110.37509056826568,9.060015215856263,23227,14890,8048,6548,81174,57947,23157,1491,113870,True,1000,683,1000,0.4444444444444445,0.683,2.6932176656151414,2.669099503440338e-52
E1A_fixed_1000_deaths,E1A_reference_ERK_ld0p5,8,18109,medium_activation,reference_ERK,reference ERK protection,0.5,0.005,2.5,3.0,0.5,2.0,0.8,500,1000,58.46116296354223,93.10930418744508,10.740065224704372,23426,14892,7425,5925,75533,52107,23353,1484,107795,True,1000,638,1000,0.4444444444444445,0.638,2.2030386740331487,7.0916337491396e-35
E1A_fixed_1000_deaths,E1A_reference_ERK_ld0p5,9,18110,medium_activation,reference_ERK,reference ERK protection,0.5,0.005,2.5,3.0,0.5,2.0,0.8,500,1000,56.93596438234771,85.24104545198065,11.731437533380982,22841,14457,7169,5669,71177,48336,22798,1486,102630,True,1000,589,1000,0.4444444444444445,0.589,1.791362530413625,3.315461106273215e-20
E1A_fixed_1000_deaths,E1A_reference_ERK_ld0p5,10,18111,medium_activation,reference_ERK,reference ERK protection,0.5,0.005,2.5,3.0,0.5,2.0,0.8,500,1000,56.3829088655064,106.02370631814784,9.431852882026934,23322,15292,7939,6439,80860,57538,23260,1484,113543,True,1000,658,1000,0.4444444444444445,0.658,2.4049707602339176,3.8709346841095237e-42
E1A_fixed_1000_deaths,E1A_reference_ERK_ld1p0,1,18202,medium_activation,reference_ERK,reference ERK protection,0.5,0.005,2.5,3.0,1.0,2.0,0.8,500,1000,33.954848032896955,63.07424056181585,15.854332784553323,14603,9611,9835,8335,48606,34003,14537,1458,74436,True,1000,640,1000,0.4444444444444445,0.64,2.222222222222222,1.4401329635180324e-35
E1A_fixed_1000_deaths,E1A_reference_ERK_ld1p0,2,18203,medium_activation,reference_ERK,reference ERK protection,0.5,0.005,2.5,3.0,1.0,2.0,0.8,500,1000,31.651090862664674,58.20638240109419,17.180246542537258,14865,10185,8954,7454,44715,29850,14834,1487,69990,True,1000,599,1000,0.4444444444444445,0.599,1.8672069825436406,7.572911711703456e-23
E1A_fixed_1000_deaths,E1A_reference_ERK_ld1p0,3,18204,medium_activation,reference_ERK,reference ERK protection,0.5,0.005,2.5,3.0,1.0,2.0,0.8,500,1000,37.30000128781363,55.77120397207973,17.930400077083178,14175,9388,9348,7848,46328,32153,14115,1477,71268,True,1000,626,1000,0.4444444444444445,0.626,2.0922459893048124,7.055524839515104e-31
E1A_fixed_1000_deaths,E1A_reference_ERK_ld1p0,4,18205,medium_activation,reference_ERK,reference ERK protection,0.5,0.005,2.5,3.0,1.0,2.0,0.8,500,1000,24.276659275069843,56.685625913108595,17.641156534689497,14297,9552,8164,6664,40827,26530,14247,1478,64716,True,1000,639,1000,0.4444444444444445,0.639,2.212603878116343,3.2026514079678003e-35
E1A_fixed_1000_deaths,E1A_reference_ERK_ld1p0,5,18206,medium_activation,reference_ERK,reference ERK protection,0.5,0.005,2.5,3.0,1.0,2.0,0.8,500,1000,30.204171825944147,65.02621187223731,15.378413891997699,14434,9821,9479,7979,47601,33167,14367,1460,72907,True,1000,662,1000,0.4444444444444445,0.662,2.4482248520710055,1.1060792268932456e-43
E1A_fixed_1000_deaths,E1A_reference_ERK_ld1p0,6,18207,medium_activation,reference_ERK,reference ERK protection,0.5,0.005,2.5,3.0,1.0,2.0,0.8,500,1000,29.024639007273585,61.200231670204154,16.339807427344404,13490,8874,9213,7713,44994,31504,13392,1461,69060,True,1000,583,1000,0.4444444444444445,0.583,1.7476019184652274,1.0472874245684328e-18
E1A_fixed_1000_deaths,E1A_reference_ERK_ld1p0,7,18208,medium_activation,reference_ERK,reference ERK protection,0.5,0.005,2.5,3.0,1.0,2.0,0.8,500,1000,45.949129827142976,61.150780051256454,16.353021157895324,15460,10404,10708,9208,53712,38252,15405,1475,81300,True,1000,643,1000,0.4444444444444445,0.643,2.2514005602240887,1.2759532395577972e-36
E1A_fixed_1000_deaths,E1A_reference_ERK_ld1p0,8,18209,medium_activation,reference_ERK,reference ERK protection,0.5,0.005,2.5,3.0,1.0,2.0,0.8,500,1000,39.642142534906824,70.09348069314159,14.266662036343227,14227,9082,11127,9627,54676,40449,14156,1466,81425,True,1000,665,1000,0.4444444444444445,0.665,2.481343283582089,7.336731607201069e-45
E1A_fixed_1000_deaths,E1A_reference_ERK_ld1p0,9,18210,medium_activation,reference_ERK,reference ERK protection,0.5,0.005,2.5,3.0,1.0,2.0,0.8,500,1000,31.804871671272082,67.12664912374498,14.897213149378938,14042,9639,9708,8208,49425,35383,13949,1485,74567,True,1000,658,1000,0.4444444444444445,0.658,2.4049707602339176,3.8709346841095237e-42
E1A_fixed_1000_deaths,E1A_reference_ERK_ld1p0,10,18211,medium_activation,reference_ERK,reference ERK protection,0.5,0.005,2.5,3.0,1.0,2.0,0.8,500,1000,28.254664984649498,55.1642564559006,18.127680209003085,14712,9922,8485,6985,41995,27283,14673,1482,66635,True,1000,580,1000,0.4444444444444445,0.58,1.7261904761904758,5.5716505040089315e-18
E1A_fixed_1000_deaths,E1A_reference_ERK_ld2p0,1,18302,medium_activation,reference_ERK,reference ERK protection,0.5,0.005,2.5,3.0,2.0,2.0,0.8,500,1000,24.960015079527324,43.62540472836574,22.922423441719694,10119,6780,13747,12247,34077,23958,10080,1488,59392,True,1000,615,1000,0.4444444444444445,0.615,1.9967532467532463,1.9060059803046098e-27
E1A_fixed_1000_deaths,E1A_reference_ERK_ld2p0,2,18303,medium_activation,reference_ERK,reference ERK protection,0.5,0.005,2.5,3.0,2.0,2.0,0.8,500,1000,20.07680305248345,44.444292291851276,22.50007702751399,9996,6831,12987,11487,32055,22059,9886,1456,56384,True,1000,627,1000,0.4444444444444445,0.627,2.1012064343163535,3.353974594181965e-31
E1A_fixed_1000_deaths,E1A_reference_ERK_ld2p0,3,18304,medium_activation,reference_ERK,reference ERK protection,0.5,0.005,2.5,3.0,2.0,2.0,0.8,500,1000,19.115495279261378,47.37045980655866,21.110202520380547,10168,6836,13396,11896,33278,23110,10103,1471,58248,True,1000,632,1000,0.4444444444444445,0.632,2.1467391304347823,7.638661162565123e-33
E1A_fixed_1000_deaths,E1A_reference_ERK_ld2p0,4,18305,medium_activation,reference_ERK,reference ERK protection,0.5,0.005,2.5,3.0,2.0,2.0,0.8,500,1000,20.460311293996718,41.33597210909764,24.192003936927126,9870,6395,12376,10876,30693,20823,9847,1476,54392,True,1000,627,1000,0.4444444444444445,0.627,2.1012064343163535,3.353974594181965e-31
E1A_fixed_1000_deaths,E1A_reference_ERK_ld2p0,5,18306,medium_activation,reference_ERK,reference ERK protection,0.5,0.005,2.5,3.0,2.0,2.0,0.8,500,1000,22.452190599457406,46.67214271349728,21.4260572122995,9242,5682,13918,12418,34613,25371,9197,1477,59205,True,1000,710,1000,0.4444444444444445,0.71,3.060344827586206,1.1156436443027517e-64
E1A_fixed_1000_deaths,E1A_reference_ERK_ld2p0,6,18307,medium_activation,reference_ERK,reference ERK protection,0.5,0.005,2.5,3.0,2.0,2.0,0.8,500,1000,24.5029593529923,41.861364978353144,23.888375367528226,10120,6501,13333,11833,33008,22888,10051,1455,57847,True,1000,601,1000,0.4444444444444445,0.601,1.882832080200501,2.135889327446231e-23
E1A_fixed_1000_deaths,E1A_reference_ERK_ld2p0,7,18308,medium_activation,reference_ERK,reference ERK protection,0.5,0.005,2.5,3.0,2.0,2.0,0.8,500,1000,20.062677898689333,44.42303768826385,22.51084239257665,9919,6787,13041,11541,32364,22445,9886,1471,56762,True,1000,615,1000,0.4444444444444445,0.615,1.9967532467532463,1.9060059803046098e-27
E1A_fixed_1000_deaths,E1A_reference_ERK_ld2p0,8,18309,medium_activation,reference_ERK,reference ERK protection,0.5,0.005,2.5,3.0,2.0,2.0,0.8,500,1000,21.8918726987376,41.37857167932624,24.16709807553905,9642,6389,12722,11222,31880,22238,9585,1463,55650,True,1000,625,1000,0.4444444444444445,0.625,2.0833333333333326,1.4779426351443492e-30
E1A_fixed_1000_deaths,E1A_reference_ERK_ld2p0,9,18310,medium_activation,reference_ERK,reference ERK protection,0.5,0.005,2.5,3.0,2.0,2.0,0.8,500,1000,23.25091685449342,33.46218741552063,29.884477890891677,9462,6157,11315,9815,28424,18962,9383,1460,50582,True,1000,579,1000,0.4444444444444445,0.579,1.7191211401425173,9.647931141777522e-18
E1A_fixed_1000_deaths,E1A_reference_ERK_ld2p0,10,18311,medium_activation,reference_ERK,reference ERK protection,0.5,0.005,2.5,3.0,2.0,2.0,0.8,500,1000,20.068566646041063,40.478746414571475,24.704322356188914,10508,7148,11959,10459,30431,19923,10429,1461,54280,True,1000,588,1000,0.4444444444444445,0.588,1.7839805825242716,5.955109629264e-20
E1A_fixed_1000_deaths,E1A_reference_ERK_ld4p0,1,18402,medium_activation,reference_ERK,reference ERK protection,0.5,0.005,2.5,3.0,4.0,2.0,0.8,500,1000,18.446642723953484,35.59152436441663,28.09657686366957,7153,4452,21349,19849,27035,19882,7099,1450,56933,True,1000,647,1000,0.4444444444444445,0.647,2.291076487252124,4.743272118093244e-38
E1A_fixed_1000_deaths,E1A_reference_ERK_ld4p0,2,18403,medium_activation,reference_ERK,reference ERK protection,0.5,0.005,2.5,3.0,4.0,2.0,0.8,500,1000,13.835503168818704,34.92129019436419,28.635826294911237,7114,4711,19791,18291,24147,17033,7077,1471,52486,True,1000,633,1000,0.4444444444444445,0.633,2.155994550408719,3.539602556903847e-33
E1A_fixed_1000_deaths,E1A_reference_ERK_ld4p0,3,18404,medium_activation,reference_ERK,reference ERK protection,0.5,0.005,2.5,3.0,4.0,2.0,0.8,500,1000,15.491667931364868,36.025754597730284,27.757919609628456,6660,4389,20723,19223,25886,19226,6593,1448,54650,True,1000,671,1000,0.4444444444444445,0.671,2.549392097264437,2.860831027210219e-47
E1A_fixed_1000_deaths,E1A_reference_ERK_ld4p0,4,18405,medium_activation,reference_ERK,reference ERK protection,0.5,0.005,2.5,3.0,4.0,2.0,0.8,500,1000,17.16264151254369,28.274836906550785,35.36713592036025,7623,5251,18420,16920,22807,15184,7540,1452,50219,True,1000,571,1000,0.4444444444444445,0.571,1.6637529137529135,6.742851325600518e-16
E1A_fixed_1000_deaths,E1A_reference_ERK_ld4p0,5,18406,medium_activation,reference_ERK,reference ERK protection,0.5,0.005,2.5,3.0,4.0,2.0,0.8,500,1000,13.638213574988507,38.37932146608748,26.055697750769625,7765,5490,20964,19464,26189,18424,7682,1443,56278,True,1000,625,1000,0.4444444444444445,0.625,2.0833333333333326,1.4779426351443492e-30
E1A_fixed_1000_deaths,E1A_reference_ERK_ld4p0,6,18407,medium_activation,reference_ERK,reference ERK protection,0.5,0.005,2.5,3.0,4.0,2.0,0.8,500,1000,18.64701280887292,29.08812717310717,34.378287541472574,8095,5433,19003,17503,23658,15563,8021,1448,52130,True,1000,511,1000,0.4444444444444445,0.511,1.3062372188139055,1.3944843696167269e-05
E1A_fixed_1000_deaths,E1A_reference_ERK_ld4p0,7,18408,medium_activation,reference_ERK,reference ERK protection,0.5,0.005,2.5,3.0,4.0,2.0,0.8,500,1000,17.8293729982543,36.78463520880716,27.18526347545714,7286,4965,21667,20167,27234,19948,7215,1443,57559,True,1000,681,1000,0.4444444444444445,0.681,2.668495297805642,1.9254409713818498e-51
E1A_fixed_1000_deaths,E1A_reference_ERK_ld4p0,8,18409,medium_activation,reference_ERK,reference ERK protection,0.5,0.005,2.5,3.0,4.0,2.0,0.8,500,1000,19.320367246006782,30.36679311766929,32.93070809700145,7131,4925,19784,18284,24787,17656,7090,1469,53130,True,1000,618,1000,0.4444444444444445,0.618,2.022251308900523,2.323667532586829e-28
E1A_fixed_1000_deaths,E1A_reference_ERK_ld4p0,9,18410,medium_activation,reference_ERK,reference ERK protection,0.5,0.005,2.5,3.0,4.0,2.0,0.8,500,1000,15.356153178488535,35.181555715754484,28.42398466058153,7341,5065,19832,18332,25242,17901,7318,1470,53862,True,1000,658,1000,0.4444444444444445,0.658,2.4049707602339176,3.8709346841095237e-42
E1A_fixed_1000_deaths,E1A_reference_ERK_ld4p0,10,18411,medium_activation,reference_ERK,reference ERK protection,0.5,0.005,2.5,3.0,4.0,2.0,0.8,500,1000,16.28566771161343,31.55395914003672,31.691744150456433,7459,4810,19213,17713,24104,16645,7431,1458,52206,True,1000,653,1000,0.4444444444444445,0.653,2.3523054755043225,2.9832467272401996e-40
E1A_fixed_1000_deaths,E1A_weak_ERK_protection_ld0p25,1,19002,medium_activation,weak_ERK_protection,"small ERK radius, short ERK lifetime",0.5,0.005,2.5,3.0,0.25,4.0,1.6,500,1000,78.87105175015422,130.9271199081416,7.637836994364494,33543,21626,5119,3619,104793,71250,33486,1493,144891,True,1000,636,1000,0.4444444444444445,0.636,2.184065934065934,3.432555838262965e-34
E1A_fixed_1000_deaths,E1A_weak_ERK_protection_ld0p25,2,19003,medium_activation,weak_ERK_protection,"small ERK radius, short ERK lifetime",0.5,0.005,2.5,3.0,0.25,4.0,1.6,500,1000,67.14893663038298,155.64486260982721,6.424882795565276,34531,22945,5366,3866,111530,76999,34485,1495,152876,True,1000,669,1000,0.4444444444444445,0.669,2.5264350453172204,1.8505166984365522e-46
E1A_fixed_1000_deaths,E1A_weak_ERK_protection_ld0p25,3,19004,medium_activation,weak_ERK_protection,"small ERK radius, short ERK lifetime",0.5,0.005,2.5,3.0,0.25,4.0,1.6,500,1000,63.675351212793096,149.20171404551832,6.702335870584711,32751,22328,5331,3831,106262,73511,32707,1497,145797,True,1000,653,1000,0.4444444444444445,0.653,2.3523054755043225,2.9832467272401996e-40
E1A_fixed_1000_deaths,E1A_weak_ERK_protection_ld0p25,4,19005,medium_activation,weak_ERK_protection,"small ERK radius, short ERK lifetime",0.5,0.005,2.5,3.0,0.25,4.0,1.6,500,1000,81.11316386448853,153.29107109874502,6.523537169075119,33321,22054,5895,4395,116806,83485,33250,1493,157444,True,1000,646,1000,0.4444444444444445,0.646,2.281073446327683,1.0872915664755176e-37
E1A_fixed_1000_deaths,E1A_weak_ERK_protection_ld0p25,5,19006,medium_activation,weak_ERK_protection,"small ERK radius, short ERK lifetime",0.5,0.005,2.5,3.0,0.25,4.0,1.6,500,1000,71.3568340227198,145.06768609873973,6.893333911174086,34460,23464,5393,3893,108570,74110,34385,1490,149838,True,1000,664,1000,0.4444444444444445,0.664,2.4702380952380945,1.8205359444273873e-44
E1A_fixed_1000_deaths,E1A_weak_ERK_protection_ld0p25,6,19007,medium_activation,weak_ERK_protection,"small ERK radius, short ERK lifetime",0.5,0.005,2.5,3.0,0.25,4.0,1.6,500,1000,78.81109925464999,145.73480089061974,6.861779025248357,33954,22482,5496,3996,112157,78203,33882,1492,153027,True,1000,647,1000,0.4444444444444445,0.647,2.291076487252124,4.743272118093244e-38
E1A_fixed_1000_deaths,E1A_weak_ERK_protection_ld0p25,7,19008,medium_activation,weak_ERK_protection,"small ERK radius, short ERK lifetime",0.5,0.005,2.5,3.0,0.25,4.0,1.6,500,1000,66.53082069439675,161.8591261414211,6.178212028194633,33617,22557,5652,4152,114265,80648,33545,1496,154958,True,1000,690,1000,0.4444444444444445,0.69,2.782258064516128,2.2893154796258503e-55
E1A_fixed_1000_deaths,E1A_weak_ERK_protection_ld0p25,8,19009,medium_activation,weak_ERK_protection,"small ERK radius, short ERK lifetime",0.5,0.005,2.5,3.0,0.25,4.0,1.6,500,1000,93.26094820687867,155.79774590557696,6.418578100648912,35634,23252,6164,4664,124668,89034,35531,1487,167850,True,1000,692,1000,0.4444444444444445,0.692,2.808441558441558,2.919964646006838e-56
E1A_fixed_1000_deaths,E1A_weak_ERK_protection_ld0p25,9,19010,medium_activation,weak_ERK_protection,"small ERK radius, short ERK lifetime",0.5,0.005,2.5,3.0,0.25,4.0,1.6,500,1000,71.00647543295486,150.19392953182387,6.6580587052828575,34553,22402,5516,4016,110448,75895,34504,1497,151965,True,1000,635,1000,0.4444444444444445,0.635,2.174657534246575,7.503380189199783e-34
E1A_fixed_1000_deaths,E1A_weak_ERK_protection_ld0p25,10,19011,medium_activation,weak_ERK_protection,"small ERK radius, short ERK lifetime",0.5,0.005,2.5,3.0,0.25,4.0,1.6,500,1000,75.39508451575055,153.82573166372453,6.500862951759467,33622,22505,5865,4365,115111,81489,33569,1496,156041,True,1000,652,1000,0.4444444444444445,0.652,2.341954022988505,7.019983550585593e-40
E1A_fixed_1000_deaths,E1A_weak_ERK_protection_ld0p5,1,19102,medium_activation,weak_ERK_protection,"small ERK radius, short ERK lifetime",0.5,0.005,2.5,3.0,0.5,4.0,1.6,500,1000,48.46893213331683,83.78388936000312,11.935468831044522,18430,12058,6527,5027,65639,47209,18366,1495,92027,True,1000,651,1000,0.4444444444444445,0.651,2.3316618911174776,1.6446747192495102e-39
E1A_fixed_1000_deaths,E1A_weak_ERK_protection_ld0p5,2,19103,medium_activation,weak_ERK_protection,"small ERK radius, short ERK lifetime",0.5,0.005,2.5,3.0,0.5,4.0,1.6,500,1000,41.692161414412645,71.87732576443884,13.912593288143004,17519,11552,5660,4160,56462,38943,17477,1495,81094,True,1000,656,1000,0.4444444444444445,0.656,2.3837209302325575,2.2299942616562447e-41
E1A_fixed_1000_deaths,E1A_weak_ERK_protection_ld0p5,3,19104,medium_activation,weak_ERK_protection,"small ERK radius, short ERK lifetime",0.5,0.005,2.5,3.0,0.5,4.0,1.6,500,1000,34.463199245644326,75.572249717591,13.232370397029868,17281,11524,5581,4081,55017,37736,17245,1495,79338,True,1000,619,1000,0.4444444444444445,0.619,2.030839895013123,1.1425539729527616e-28
E1A_fixed_1000_deaths,E1A_weak_ERK_protection_ld0p5,4,19105,medium_activation,weak_ERK_protection,"small ERK radius, short ERK lifetime",0.5,0.005,2.5,3.0,0.5,4.0,1.6,500,1000,38.99018152864646,67.62237408080749,14.788004910993193,18169,12258,5339,3839,53085,34916,18082,1484,77990,True,1000,640,1000,0.4444444444444445,0.64,2.222222222222222,1.4401329635180324e-35
E1A_fixed_1000_deaths,E1A_weak_ERK_protection_ld0p5,5,19106,medium_activation,weak_ERK_protection,"small ERK radius, short ERK lifetime",0.5,0.005,2.5,3.0,0.5,4.0,1.6,500,1000,44.361754078802676,73.82571461096835,13.54541578458936,17463,11425,5941,4441,58598,41135,17405,1489,83433,True,1000,689,1000,0.4444444444444445,0.689,2.769292604501607,6.365544780371257e-55
E1A_fixed_1000_deaths,E1A_weak_ERK_protection_ld0p5,6,19107,medium_activation,weak_ERK_protection,"small ERK radius, short ERK lifetime",0.5,0.005,2.5,3.0,0.5,4.0,1.6,500,1000,36.62174694043159,77.8049165189405,12.852658221881958,17740,11875,5757,4257,57421,39681,17709,1492,82379,True,1000,657,1000,0.4444444444444445,0.657,2.3943148688046643,9.311465667815782e-42
E1A_fixed_1000_deaths,E1A_weak_ERK_protection_ld0p5,7,19108,medium_activation,weak_ERK_protection,"small ERK radius, short ERK lifetime",0.5,0.005,2.5,3.0,0.5,4.0,1.6,500,1000,43.86089859983677,76.9843130203051,12.989659331456835,17477,11308,6131,4631,60752,43275,17432,1491,85806,True,1000,650,1000,0.4444444444444445,0.65,2.3214285714285707,3.8363972659937075e-39
E1A_fixed_1000_deaths,E1A_weak_ERK_protection_ld0p5,8,19109,medium_activation,weak_ERK_protection,"small ERK radius, short ERK lifetime",0.5,0.005,2.5,3.0,0.5,4.0,1.6,500,1000,39.00290854846172,83.09345906341576,12.034641610440287,17543,11523,6140,4640,61089,43546,17489,1490,86208,True,1000,669,1000,0.4444444444444445,0.669,2.5264350453172204,1.8505166984365522e-46
E1A_fixed_1000_deaths,E1A_weak_ERK_protection_ld0p5,9,19110,medium_activation,weak_ERK_protection,"small ERK radius, short ERK lifetime",0.5,0.005,2.5,3.0,0.5,4.0,1.6,500,1000,41.04249377724752,71.53517022426973,13.979137770482723,17365,11770,5539,4039,56434,39069,17341,1495,80809,True,1000,664,1000,0.4444444444444445,0.664,2.4702380952380945,1.8205359444273873e-44
E1A_fixed_1000_deaths,E1A_weak_ERK_protection_ld0p5,10,19111,medium_activation,weak_ERK_protection,"small ERK radius, short ERK lifetime",0.5,0.005,2.5,3.0,0.5,4.0,1.6,500,1000,44.307720816885634,76.53074035899797,13.066644792786546,17990,11847,6118,4618,60699,42709,17927,1490,86234,True,1000,630,1000,0.4444444444444445,0.63,2.128378378378378,3.512221412422075e-32
E1A_fixed_1000_deaths,E1A_weak_ERK_protection_ld1p0,1,19202,medium_activation,weak_ERK_protection,"small ERK radius, short ERK lifetime",0.5,0.005,2.5,3.0,1.0,4.0,1.6,500,1000,25.816547646565724,39.511660689599026,25.308984298481743,9034,5963,6633,5133,32725,23691,8986,1483,49827,True,1000,708,1000,0.4444444444444445,0.708,3.0308219178082187,1.037564312725543e-63
E1A_fixed_1000_deaths,E1A_weak_ERK_protection_ld1p0,2,19203,medium_activation,weak_ERK_protection,"small ERK radius, short ERK lifetime",0.5,0.005,2.5,3.0,1.0,4.0,1.6,500,1000,17.46801928510968,43.117685201285596,23.19233964744898,9308,6396,6007,4507,30299,20991,9236,1481,47023,True,1000,635,1000,0.4444444444444445,0.635,2.174657534246575,7.503380189199783e-34
E1A_fixed_1000_deaths,E1A_weak_ERK_protection_ld1p0,3,19204,medium_activation,weak_ERK_protection,"small ERK radius, short ERK lifetime",0.5,0.005,2.5,3.0,1.0,4.0,1.6,500,1000,28.61098775908448,41.08737892789824,24.33837412103701,9716,6275,6987,5487,34637,24921,9659,1482,52765,True,1000,653,1000,0.4444444444444445,0.653,2.3523054755043225,2.9832467272401996e-40
E1A_fixed_1000_deaths,E1A_weak_ERK_protection_ld1p0,4,19205,medium_activation,weak_ERK_protection,"small ERK radius, short ERK lifetime",0.5,0.005,2.5,3.0,1.0,4.0,1.6,500,1000,18.272330644477112,35.583574366430895,28.102854134389254,9509,6259,5400,3900,27171,17662,9396,1481,43448,True,1000,614,1000,0.4444444444444445,0.614,1.9883419689119166,3.811831517425206e-27
E1A_fixed_1000_deaths,E1A_weak_ERK_protection_ld1p0,5,19206,medium_activation,weak_ERK_protection,"small ERK radius, short ERK lifetime",0.5,0.005,2.5,3.0,1.0,4.0,1.6,500,1000,22.890870768289737,37.77908057850108,26.469675404675396,9331,5984,6047,4547,30372,21041,9253,1469,47141,True,1000,675,1000,0.4444444444444445,0.675,2.596153846153846,6.477023247061092e-49
E1A_fixed_1000_deaths,E1A_weak_ERK_protection_ld1p0,6,19207,medium_activation,weak_ERK_protection,"small ERK radius, short ERK lifetime",0.5,0.005,2.5,3.0,1.0,4.0,1.6,500,1000,17.751824684453418,30.812700558564096,32.45414981070394,9042,5928,4919,3419,24128,15086,8960,1482,39489,True,1000,610,1000,0.4444444444444445,0.61,1.9551282051282046,5.848162027486878e-26
E1A_fixed_1000_deaths,E1A_weak_ERK_protection_ld1p0,7,19208,medium_activation,weak_ERK_protection,"small ERK radius, short ERK lifetime",0.5,0.005,2.5,3.0,1.0,4.0,1.6,500,1000,17.501277304510644,44.395755483068285,22.524675819096746,9641,6478,6132,4632,30850,21209,9600,1488,48070,True,1000,625,1000,0.4444444444444445,0.625,2.0833333333333326,1.4779426351443492e-30
E1A_fixed_1000_deaths,E1A_weak_ERK_protection_ld1p0,8,19209,medium_activation,weak_ERK_protection,"small ERK radius, short ERK lifetime",0.5,0.005,2.5,3.0,1.0,4.0,1.6,500,1000,18.007609419284154,38.067763544743016,26.268945345965705,9679,6351,5603,4103,27857,18178,9630,1475,44565,True,1000,627,1000,0.4444444444444445,0.627,2.1012064343163535,3.353974594181965e-31
E1A_fixed_1000_deaths,E1A_weak_ERK_protection_ld1p0,9,19210,medium_activation,weak_ERK_protection,"small ERK radius, short ERK lifetime",0.5,0.005,2.5,3.0,1.0,4.0,1.6,500,1000,21.959970680941268,43.85558473156476,22.802113028953794,9730,6469,6554,5054,32954,23224,9710,1491,50709,True,1000,698,1000,0.4444444444444445,0.698,2.8890728476821184,5.414772855062619e-59
E1A_fixed_1000_deaths,E1A_weak_ERK_protection_ld1p0,10,19211,medium_activation,weak_ERK_protection,"small ERK radius, short ERK lifetime",0.5,0.005,2.5,3.0,1.0,4.0,1.6,500,1000,19.72647943429196,37.95757746706615,26.34520079337647,9054,6056,5918,4418,28874,19820,8982,1484,45258,True,1000,654,1000,0.4444444444444445,0.654,2.3627167630057797,1.262224473611555e-40
E1A_fixed_1000_deaths,E1A_weak_ERK_protection_ld2p0,1,19302,medium_activation,weak_ERK_protection,"small ERK radius, short ERK lifetime",0.5,0.005,2.5,3.0,2.0,4.0,1.6,500,1000,13.376810770055704,26.484686998396974,37.757667291311634,5161,3532,8006,6506,19708,14547,5113,1482,34309,True,1000,650,1000,0.4444444444444445,0.65,2.3214285714285707,3.8363972659937075e-39
E1A_fixed_1000_deaths,E1A_weak_ERK_protection_ld2p0,2,19303,medium_activation,weak_ERK_protection,"small ERK radius, short ERK lifetime",0.5,0.005,2.5,3.0,2.0,4.0,1.6,500,1000,8.350644319203937,17.352132352642514,57.62980478002823,5058,3473,5260,3760,12994,7936,5015,1479,24748,True,1000,593,1000,0.4444444444444445,0.593,1.8212530712530708,3.0577837962605008e-21
E1A_fixed_1000_deaths,E1A_weak_ERK_protection_ld2p0,3,19304,medium_activation,weak_ERK_protection,"small ERK radius, short ERK lifetime",0.5,0.005,2.5,3.0,2.0,4.0,1.6,500,1000,13.725531091359198,19.135857276210803,52.257914843625734,5189,3489,6485,4985,16267,11078,5126,1474,29352,True,1000,575,1000,0.4444444444444445,0.575,1.691176470588235,8.330340638011349e-17
E1A_fixed_1000_deaths,E1A_weak_ERK_protection_ld2p0,4,19305,medium_activation,weak_ERK_protection,"small ERK radius, short ERK lifetime",0.5,0.005,2.5,3.0,2.0,4.0,1.6,500,1000,11.054015920876044,20.167797720702275,49.58399592502351,5045,3290,6366,4866,15637,10592,4959,1465,28427,True,1000,612,1000,0.4444444444444445,0.612,1.971649484536082,1.5055776676959907e-26
E1A_fixed_1000_deaths,E1A_weak_ERK_protection_ld2p0,5,19306,medium_activation,weak_ERK_protection,"small ERK radius, short ERK lifetime",0.5,0.005,2.5,3.0,2.0,4.0,1.6,500,1000,10.906302413875258,19.415785541924173,51.504483186668764,5169,3478,6092,4592,15181,10012,5117,1468,27858,True,1000,612,1000,0.4444444444444445,0.612,1.971649484536082,1.5055776676959907e-26
E1A_fixed_1000_deaths,E1A_weak_ERK_protection_ld2p0,6,19307,medium_activation,weak_ERK_protection,"small ERK radius, short ERK lifetime",0.5,0.005,2.5,3.0,2.0,4.0,1.6,500,1000,11.415988895695733,23.59725725726951,42.37780641612211,5390,3543,7123,5623,17390,12000,5324,1475,31312,True,1000,758,1000,0.4444444444444445,0.758,3.9152892561983457,1.5622330393279484e-90
E1A_fixed_1000_deaths,E1A_weak_ERK_protection_ld2p0,7,19308,medium_activation,weak_ERK_protection,"small ERK radius, short ERK lifetime",0.5,0.005,2.5,3.0,2.0,4.0,1.6,500,1000,13.779878427978176,18.755674124350755,53.317198484574114,5158,3515,6517,5017,16347,11189,5100,1466,29430,True,1000,557,1000,0.4444444444444445,0.557,1.5716704288939047,6.135905708377438e-13
E1A_fixed_1000_deaths,E1A_weak_ERK_protection_ld2p0,8,19309,medium_activation,weak_ERK_protection,"small ERK radius, short ERK lifetime",0.5,0.005,2.5,3.0,2.0,4.0,1.6,500,1000,13.400974949489544,20.18696854196253,49.53690782849867,4981,3318,6718,5218,17023,12042,4936,1481,30158,True,1000,644,1000,0.4444444444444445,0.644,2.2612359550561796,5.639256993186363e-37
E1A_fixed_1000_deaths,E1A_weak_ERK_protection_ld2p0,9,19310,medium_activation,weak_ERK_protection,"small ERK radius, short ERK lifetime",0.5,0.005,2.5,3.0,2.0,4.0,1.6,500,1000,12.848159590802895,23.801975846573868,42.013318828904836,5374,3458,7210,5710,18154,12780,5311,1480,32155,True,1000,594,1000,0.4444444444444445,0.594,1.8288177339901475,1.667923283410924e-21
E1A_fixed_1000_deaths,E1A_weak_ERK_protection_ld2p0,10,19311,medium_activation,weak_ERK_protection,"small ERK radius, short ERK lifetime",0.5,0.005,2.5,3.0,2.0,4.0,1.6,500,1000,13.079182588822464,20.976480837763873,47.67243884873692,5136,3349,6926,5426,17014,11878,5040,1455,30435,True,1000,576,1000,0.4444444444444445,0.576,1.6981132075471697,4.889209513054959e-17
E1A_fixed_1000_deaths,E1A_weak_ERK_protection_ld4p0,1,19402,medium_activation,weak_ERK_protection,"small ERK radius, short ERK lifetime",0.5,0.005,2.5,3.0,4.0,4.0,1.6,500,1000,6.655147525232314,12.085139516569699,82.74625200883445,3022,2099,7406,5906,9477,6455,2973,1469,21325,True,1000,647,1000,0.4444444444444445,0.647,2.291076487252124,4.743272118093244e-38
E1A_fixed_1000_deaths,E1A_weak_ERK_protection_ld4p0,2,19403,medium_activation,weak_ERK_protection,"small ERK radius, short ERK lifetime",0.5,0.005,2.5,3.0,4.0,4.0,1.6,500,1000,6.7384667914376415,11.824092912313315,84.57308373808742,3019,2083,7369,5869,9316,6297,2938,1428,21051,True,1000,614,1000,0.4444444444444445,0.614,1.9883419689119166,3.811831517425206e-27
E1A_fixed_1000_deaths,E1A_weak_ERK_protection_ld4p0,3,19404,medium_activation,weak_ERK_protection,"small ERK radius, short ERK lifetime",0.5,0.005,2.5,3.0,4.0,4.0,1.6,500,1000,7.425696235972156,11.838592050489629,84.46950412136562,3100,2029,7712,6212,9672,6572,3072,1473,21929,True,1000,645,1000,0.4444444444444445,0.645,2.2711267605633796,2.4815696408220505e-37
E1A_fixed_1000_deaths,E1A_weak_ERK_protection_ld4p0,4,19405,medium_activation,weak_ERK_protection,"small ERK radius, short ERK lifetime",0.5,0.005,2.5,3.0,4.0,4.0,1.6,500,1000,10.420160016812881,14.166255314096633,70.59028499965792,3098,2063,9840,8340,12234,9136,3011,1415,26500,True,1000,688,1000,0.4444444444444445,0.688,2.756410256410256,1.7617636079303482e-54
E1A_fixed_1000_deaths,E1A_weak_ERK_protection_ld4p0,5,19406,medium_activation,weak_ERK_protection,"small ERK radius, short ERK lifetime",0.5,0.005,2.5,3.0,4.0,4.0,1.6,500,1000,10.353729124350533,10.549210599360734,94.79382277765869,3036,1954,8449,6949,10550,7514,2996,1450,23445,True,1000,604,1000,0.4444444444444445,0.604,1.9065656565656561,3.1016796839000188e-24
E1A_fixed_1000_deaths,E1A_weak_ERK_protection_ld4p0,6,19407,medium_activation,weak_ERK_protection,"small ERK radius, short ERK lifetime",0.5,0.005,2.5,3.0,4.0,4.0,1.6,500,1000,9.286662413562478,16.207613024280413,61.699400059830715,3218,2027,10127,8627,12973,9755,3196,1474,27770,True,1000,710,1000,0.4444444444444445,0.71,3.060344827586206,1.1156436443027517e-64
E1A_fixed_1000_deaths,E1A_weak_ERK_protection_ld4p0,7,19408,medium_activation,weak_ERK_protection,"small ERK radius, short ERK lifetime",0.5,0.005,2.5,3.0,4.0,4.0,1.6,500,1000,7.246815341920568,11.565728891631208,86.46234140276151,3146,2149,7467,5967,9404,6258,3086,1447,21404,True,1000,566,1000,0.4444444444444445,0.566,1.6301843317972344,8.409380047681696e-15
E1A_fixed_1000_deaths,E1A_weak_ERK_protection_ld4p0,8,19409,medium_activation,weak_ERK_protection,"small ERK radius, short ERK lifetime",0.5,0.005,2.5,3.0,4.0,4.0,1.6,500,1000,5.40924688424934,12.527909677342778,79.82177599895533,3064,2115,7230,5730,8872,5808,3024,1450,20576,True,1000,616,1000,0.4444444444444445,0.616,2.0052083333333326,9.490646374379103e-28
E1A_fixed_1000_deaths,E1A_weak_ERK_protection_ld4p0,9,19410,medium_activation,weak_ERK_protection,"small ERK radius, short ERK lifetime",0.5,0.005,2.5,3.0,4.0,4.0,1.6,500,1000,7.569087168650383,11.74044663381061,85.17563523692189,3019,2084,7711,6211,9619,6600,2973,1456,21759,True,1000,639,1000,0.4444444444444445,0.639,2.212603878116343,3.2026514079678003e-35
E1A_fixed_1000_deaths,E1A_weak_ERK_protection_ld4p0,10,19411,medium_activation,weak_ERK_protection,"small ERK radius, short ERK lifetime",0.5,0.005,2.5,3.0,4.0,4.0,1.6,500,1000,7.132605000689105,11.900098754644713,84.03291608060742,3102,2070,7572,6072,9331,6229,3044,1454,21401,True,1000,641,1000,0.4444444444444445,0.641,2.2318941504178267,6.447965154600049e-36
