scenario,seed,burn_in_time,observation_time_after_burnin,final_time,analysis_time_span,accepted_activations_total,accepted_activations_during_analysis,death_candidates,death_rejected,activation_candidates,activation_rejected,active_center_expirations,erk_zone_expirations,all_proposals,stopped_by_time,n_observed_deaths_analyzed,t_zone_binomial_test_k,t_zone_binomial_test_n,t_zone_area_fraction,t_zone_observed_fraction,t_zone_density_ratio,t_zone_binomial_p_value_greater,experiment,base_scenario,replicate,activation_regime,erk_regime,regime_meaning,lambda_a_T,lambda_a_c,beta_a_R,beta_a_T,lambda_d,beta_d_R,beta_d_T,observed_death_rate_after_burnin
E1B_strong_ERK_protection_ld0p25__rep01,27002,168.80811043580695,61.34990627145835,230.1580167072653,61.34990627145834,34782,9902,5766,5064,114727,79945,34719,698,155910,True,202,114,202,0.4444444444444445,0.5643564356435643,1.6193181818181814,0.00040938846791114554,E1B_fixed_physical_time,E1B_strong_ERK_protection_ld0p25,1,medium_activation,strong_ERK_protection,"large ERK radius, long ERK lifetime",0.5,0.005,2.5,3.0,0.25,1.0,0.4,3.292588567392416
E1B_strong_ERK_protection_ld0p25__rep02,27003,146.38639426299008,61.34990627145835,207.73630053444845,61.349906271458366,31256,9790,5160,4473,103958,72702,31198,679,140995,True,187,118,187,0.4444444444444445,0.6310160427807486,2.137681159420289,2.213887636677599e-07,E1B_fixed_physical_time,E1B_strong_ERK_protection_ld0p25,2,medium_activation,strong_ERK_protection,"large ERK radius, long ERK lifetime",0.5,0.005,2.5,3.0,0.25,1.0,0.4,3.0480894163484233
E1B_strong_ERK_protection_ld0p25__rep03,27004,156.22811668978466,61.34990627145835,217.578022961243,61.34990627145834,32811,11157,5410,4616,108292,75481,32732,778,147212,True,294,161,294,0.4444444444444445,0.5476190476190477,1.5131578947368418,0.00024302997217400056,E1B_fixed_physical_time,E1B_strong_ERK_protection_ld0p25,3,medium_activation,strong_ERK_protection,"large ERK radius, long ERK lifetime",0.5,0.005,2.5,3.0,0.25,1.0,0.4,4.7921833604622295
E1B_strong_ERK_protection_ld0p25__rep04,27005,152.49925594266978,61.34990627145835,213.8491622141281,61.34990627145834,32266,7686,5291,4625,106730,74464,32241,656,144918,True,166,123,166,0.4444444444444445,0.7409638554216867,3.575581395348836,8.567686893541436e-15,E1B_fixed_physical_time,E1B_strong_ERK_protection_ld0p25,4,medium_activation,strong_ERK_protection,"large ERK radius, long ERK lifetime",0.5,0.005,2.5,3.0,0.25,1.0,0.4,2.705790604886837
E1B_strong_ERK_protection_ld0p25__rep05,27006,157.14948288679574,61.34990627145835,218.49938915825408,61.34990627145834,33211,9849,5340,4596,109330,76119,33176,736,148582,True,244,147,244,0.4444444444444445,0.6024590163934426,1.894329896907216,5.128213624981108e-07,E1B_fixed_physical_time,E1B_strong_ERK_protection_ld0p25,5,medium_activation,strong_ERK_protection,"large ERK radius, long ERK lifetime",0.5,0.005,2.5,3.0,0.25,1.0,0.4,3.9771861903155914
E1B_strong_ERK_protection_ld0p25__rep06,27007,150.0813998331867,61.34990627145835,211.43130610464505,61.34990627145834,33370,9167,5310,4586,106653,73283,33341,710,146014,True,224,146,224,0.4444444444444445,0.6517857142857143,2.3397435897435894,3.3855388244742974e-10,E1B_fixed_physical_time,E1B_strong_ERK_protection_ld0p25,6,medium_activation,strong_ERK_protection,"large ERK radius, long ERK lifetime",0.5,0.005,2.5,3.0,0.25,1.0,0.4,3.6511873222569364
E1B_strong_ERK_protection_ld0p25__rep07,27008,164.690643913717,61.34990627145835,226.04055018517533,61.34990627145834,35993,10542,5479,4747,113268,77275,35944,720,155411,True,232,135,232,0.4444444444444445,0.5818965517241379,1.7396907216494841,1.7991444464488557e-05,E1B_fixed_physical_time,E1B_strong_ERK_protection_ld0p25,7,medium_activation,strong_ERK_protection,"large ERK radius, long ERK lifetime",0.5,0.005,2.5,3.0,0.25,1.0,0.4,3.7815868694803987
E1B_strong_ERK_protection_ld0p25__rep08,27009,146.51784128154807,61.34990627145835,207.86774755300644,61.349906271458366,32532,8503,5103,4389,103660,71128,32470,707,141940,True,214,126,214,0.4444444444444445,0.5887850467289719,1.7897727272727268,1.553037376789106e-05,E1B_fixed_physical_time,E1B_strong_ERK_protection_ld0p25,8,medium_activation,strong_ERK_protection,"large ERK radius, long ERK lifetime",0.5,0.005,2.5,3.0,0.25,1.0,0.4,3.4881878882276074
E1B_strong_ERK_protection_ld0p25__rep09,27010,164.4222792791937,61.34990627145835,225.77218555065207,61.349906271458366,32048,9241,5560,4870,113034,80986,31985,684,151263,True,190,130,190,0.4444444444444445,0.6842105263157895,2.708333333333333,2.2377671460198933e-11,E1B_fixed_physical_time,E1B_strong_ERK_protection_ld0p25,9,medium_activation,strong_ERK_protection,"large ERK radius, long ERK lifetime",0.5,0.005,2.5,3.0,0.25,1.0,0.4,3.0969892465572215
E1B_strong_ERK_protection_ld0p25__rep10,27011,165.0791985754746,61.34990627145835,226.42910484693294,61.34990627145834,34453,10384,5682,4940,113444,78991,34420,733,154279,True,242,134,242,0.4444444444444445,0.5537190082644629,1.5509259259259256,0.00041333925389766877,E1B_fixed_physical_time,E1B_strong_ERK_protection_ld0p25,10,medium_activation,strong_ERK_protection,"large ERK radius, long ERK lifetime",0.5,0.005,2.5,3.0,0.25,1.0,0.4,3.944586303509726
E1B_strong_ERK_protection_ld0p5__rep01,27102,118.68199343752691,61.34990627145835,180.03189970898526,61.34990627145835,26616,9015,8985,8200,89903,63287,26569,771,126228,True,285,174,285,0.4444444444444445,0.6105263157894737,1.959459459459459,1.3049927424848505e-08,E1B_fixed_physical_time,E1B_strong_ERK_protection_ld0p5,1,medium_activation,strong_ERK_protection,"large ERK radius, long ERK lifetime",0.5,0.005,2.5,3.0,0.5,1.0,0.4,4.645483869835833
E1B_strong_ERK_protection_ld0p5__rep02,27103,100.58688813492984,61.34990627145835,161.93679440638817,61.34990627145834,24046,8757,8205,7482,80456,56410,24009,711,113381,True,223,137,223,0.4444444444444445,0.6143497757847534,1.9912790697674412,2.530987594007267e-07,E1B_fixed_physical_time,E1B_strong_ERK_protection_ld0p5,2,medium_activation,strong_ERK_protection,"large ERK radius, long ERK lifetime",0.5,0.005,2.5,3.0,0.5,1.0,0.4,3.6348873788540037
E1B_strong_ERK_protection_ld0p5__rep03,27104,103.95904545494679,61.34990627145835,165.30895172640516,61.349906271458366,24974,8013,8147,7428,82296,57322,24912,713,116068,True,219,132,219,0.4444444444444445,0.6027397260273972,1.8965517241379308,1.8193511988326845e-06,E1B_fixed_physical_time,E1B_strong_ERK_protection_ld0p5,3,medium_activation,strong_ERK_protection,"large ERK radius, long ERK lifetime",0.5,0.005,2.5,3.0,0.5,1.0,0.4,3.569687605242271
E1B_strong_ERK_protection_ld0p5__rep04,27105,119.68431678721873,61.34990627145835,181.03422305867707,61.34990627145834,27072,10955,9082,8230,90356,63284,27026,838,127302,True,352,188,352,0.4444444444444445,0.5340909090909091,1.4329268292682924,0.00045143165553463674,E1B_fixed_physical_time,E1B_strong_ERK_protection_ld0p5,4,medium_activation,strong_ERK_protection,"large ERK radius, long ERK lifetime",0.5,0.005,2.5,3.0,0.5,1.0,0.4,5.7375800778323285
E1B_strong_ERK_protection_ld0p5__rep05,27106,119.73649346358594,61.34990627145835,181.0863997350443,61.34990627145835,28461,9437,9113,8335,90864,62403,28423,768,129168,True,278,145,278,0.4444444444444445,0.5215827338129496,1.3627819548872178,0.0058663102944811855,E1B_fixed_physical_time,E1B_strong_ERK_protection_ld0p5,5,medium_activation,strong_ERK_protection,"large ERK radius, long ERK lifetime",0.5,0.005,2.5,3.0,0.5,1.0,0.4,4.531384266015304
E1B_strong_ERK_protection_ld0p5__rep06,27107,110.96776535998718,61.34990627145835,172.31767163144553,61.34990627145835,25216,10016,8642,7822,86182,60966,25167,811,120802,True,320,183,320,0.4444444444444445,0.571875,1.66970802919708,3.1845757141956262e-06,E1B_fixed_physical_time,E1B_strong_ERK_protection_ld0p5,6,medium_activation,strong_ERK_protection,"large ERK radius, long ERK lifetime",0.5,0.005,2.5,3.0,0.5,1.0,0.4,5.2159818889384795
E1B_strong_ERK_protection_ld0p5__rep07,27108,92.35173443908059,61.34990627145835,153.70164071053892,61.34990627145834,26791,9857,7640,6831,76850,50059,26759,798,112047,True,309,193,309,0.4444444444444445,0.6245954692556634,2.0797413793103443,1.4895203872352763e-10,E1B_fixed_physical_time,E1B_strong_ERK_protection_ld0p5,7,medium_activation,strong_ERK_protection,"large ERK radius, long ERK lifetime",0.5,0.005,2.5,3.0,0.5,1.0,0.4,5.03668251150622
E1B_strong_ERK_protection_ld0p5__rep08,27109,121.18437779997622,61.34990627145835,182.53428407143457,61.34990627145835,26876,9990,8985,8199,90756,63880,26824,767,127332,True,286,157,286,0.4444444444444445,0.548951048951049,1.5213178294573642,0.00024693150803931557,E1B_fixed_physical_time,E1B_strong_ERK_protection_ld0p5,8,medium_activation,strong_ERK_protection,"large ERK radius, long ERK lifetime",0.5,0.005,2.5,3.0,0.5,1.0,0.4,4.661783813238766
E1B_strong_ERK_protection_ld0p5__rep09,27110,115.11507008251469,61.34990627145835,176.46497635397304,61.34990627145835,27479,9992,8842,8060,88235,60756,27415,768,125260,True,282,180,282,0.4444444444444445,0.6382978723404256,2.205882352941176,4.6033401821947325e-11,E1B_fixed_physical_time,E1B_strong_ERK_protection_ld0p5,9,medium_activation,strong_ERK_protection,"large ERK radius, long ERK lifetime",0.5,0.005,2.5,3.0,0.5,1.0,0.4,4.596584039627035
E1B_strong_ERK_protection_ld0p5__rep10,27111,115.63892630642428,61.34990627145835,176.98883257788265,61.349906271458366,28176,10285,8759,7958,88357,60181,28103,789,126008,True,301,164,301,0.4444444444444445,0.5448504983388704,1.4963503649635033,0.0002965143018140213,E1B_fixed_physical_time,E1B_strong_ERK_protection_ld0p5,10,medium_activation,strong_ERK_protection,"large ERK radius, long ERK lifetime",0.5,0.005,2.5,3.0,0.5,1.0,0.4,4.906282964282756
E1B_strong_ERK_protection_ld1p0__rep01,27202,72.74330507645153,61.34990627145835,134.0932113479099,61.34990627145835,21154,9343,13534,12660,67345,46191,21102,866,102847,True,374,221,374,0.4444444444444445,0.5909090909090909,1.805555555555555,9.127579409856579e-09,E1B_fixed_physical_time,E1B_strong_ERK_protection_ld1p0,1,medium_activation,strong_ERK_protection,"large ERK radius, long ERK lifetime",0.5,0.005,2.5,3.0,1.0,1.0,0.4,6.096178832696848
E1B_strong_ERK_protection_ld1p0__rep02,27203,83.62805290019271,61.34990627145835,144.97795917165107,61.34990627145835,22947,9350,14570,13691,72560,49613,22901,868,110899,True,379,239,379,0.4444444444444445,0.6306068601583114,2.1339285714285707,2.4919559836275074e-13,E1B_fixed_physical_time,E1B_strong_ERK_protection_ld1p0,2,medium_activation,strong_ERK_protection,"large ERK radius, long ERK lifetime",0.5,0.005,2.5,3.0,1.0,1.0,0.4,6.177678549711511
E1B_strong_ERK_protection_ld1p0__rep03,27204,75.01796638851327,61.34990627145835,136.36787265997162,61.34990627145835,21966,10105,13429,12555,68527,46561,21904,867,104727,True,374,234,374,0.4444444444444445,0.6256684491978609,2.089285714285714,1.436517328302754e-12,E1B_fixed_physical_time,E1B_strong_ERK_protection_ld1p0,3,medium_activation,strong_ERK_protection,"large ERK radius, long ERK lifetime",0.5,0.005,2.5,3.0,1.0,1.0,0.4,6.096178832696848
E1B_strong_ERK_protection_ld1p0__rep04,27205,79.50698764697879,61.34990627145835,140.85689391843715,61.349906271458366,21463,9641,14035,13163,70988,49525,21395,853,107271,True,372,208,372,0.4444444444444445,0.5591397849462365,1.5853658536585362,5.8666511233284895e-06,E1B_fixed_physical_time,E1B_strong_ERK_protection_ld1p0,4,medium_activation,strong_ERK_protection,"large ERK radius, long ERK lifetime",0.5,0.005,2.5,3.0,1.0,1.0,0.4,6.063578945890981
E1B_strong_ERK_protection_ld1p0__rep05,27206,83.91172093039104,61.34990627145835,145.2616272018494,61.34990627145835,21812,8090,14473,13599,72868,51056,21764,866,109971,True,374,233,374,0.4444444444444445,0.6229946524064172,2.065602836879432,3.0103114405063968e-12,E1B_fixed_physical_time,E1B_strong_ERK_protection_ld1p0,5,medium_activation,strong_ERK_protection,"large ERK radius, long ERK lifetime",0.5,0.005,2.5,3.0,1.0,1.0,0.4,6.096178832696848
E1B_strong_ERK_protection_ld1p0__rep06,27207,82.37540468910069,61.34990627145835,143.72531096055906,61.349906271458366,21265,9553,14497,13696,72198,50933,21241,789,108725,True,301,165,301,0.4444444444444445,0.5481727574750831,1.5165441176470584,0.0001924775654562326,E1B_fixed_physical_time,E1B_strong_ERK_protection_ld1p0,6,medium_activation,strong_ERK_protection,"large ERK radius, long ERK lifetime",0.5,0.005,2.5,3.0,1.0,1.0,0.4,4.906282964282756
E1B_strong_ERK_protection_ld1p0__rep07,27208,92.55413177546093,61.34990627145835,153.90403804691928,61.34990627145835,23326,9267,15282,14489,76641,53315,23275,772,115970,True,293,166,293,0.4444444444444445,0.5665529010238908,1.6338582677165352,1.801632918710714e-05,E1B_fixed_physical_time,E1B_strong_ERK_protection_ld1p0,7,medium_activation,strong_ERK_protection,"large ERK radius, long ERK lifetime",0.5,0.005,2.5,3.0,1.0,1.0,0.4,4.775883417059295
E1B_strong_ERK_protection_ld1p0__rep08,27209,78.14394657448562,61.34990627145835,139.493852845944,61.349906271458366,24056,11330,13774,12919,69705,45649,23998,838,108315,True,355,195,355,0.4444444444444445,0.5492957746478874,1.5234374999999996,4.668011059697838e-05,E1B_fixed_physical_time,E1B_strong_ERK_protection_ld1p0,8,medium_activation,strong_ERK_protection,"large ERK radius, long ERK lifetime",0.5,0.005,2.5,3.0,1.0,1.0,0.4,5.786479908041124
E1B_strong_ERK_protection_ld1p0__rep09,27210,88.48187332535353,61.34990627145835,149.83177959681188,61.34990627145835,21940,8506,15014,14214,75244,53304,21912,783,112953,True,300,176,300,0.4444444444444445,0.5866666666666667,1.7741935483870963,5.269702057593765e-07,E1B_fixed_physical_time,E1B_strong_ERK_protection_ld1p0,9,medium_activation,strong_ERK_protection,"large ERK radius, long ERK lifetime",0.5,0.005,2.5,3.0,1.0,1.0,0.4,4.889983020879824
E1B_strong_ERK_protection_ld1p0__rep10,27211,102.78916827316296,61.34990627145835,164.1390745446213,61.34990627145835,24473,10539,16314,15473,81727,57254,24377,832,123250,True,341,191,341,0.4444444444444445,0.5601173020527859,1.5916666666666663,1.180745827215747e-05,E1B_fixed_physical_time,E1B_strong_ERK_protection_ld1p0,10,medium_activation,strong_ERK_protection,"large ERK radius, long ERK lifetime",0.5,0.005,2.5,3.0,1.0,1.0,0.4,5.558280700400068
E1B_strong_ERK_protection_ld2p0__rep01,27302,88.70117774468937,61.34990627145835,150.05108401614774,61.349906271458366,21066,8942,29927,28973,75134,54068,21042,932,127035,True,454,267,454,0.4444444444444445,0.5881057268722467,1.7847593582887695,5.632290573379521e-10,E1B_fixed_physical_time,E1B_strong_ERK_protection_ld2p0,1,medium_activation,strong_ERK_protection,"large ERK radius, long ERK lifetime",0.5,0.005,2.5,3.0,2.0,1.0,0.4,7.400174304931466
E1B_strong_ERK_protection_ld2p0__rep02,27303,62.39382978699625,61.34990627145835,123.7437360584546,61.34990627145835,20419,10673,24629,23621,62170,41751,20341,982,108122,True,508,293,508,0.4444444444444445,0.5767716535433071,1.703488372093023,1.4746478141087534e-09,E1B_fixed_physical_time,E1B_strong_ERK_protection_ld2p0,2,medium_activation,strong_ERK_protection,"large ERK radius, long ERK lifetime",0.5,0.005,2.5,3.0,2.0,1.0,0.4,8.280371248689836
E1B_strong_ERK_protection_ld2p0__rep03,27304,71.31077331022985,61.34990627145835,132.6606795816882,61.349906271458366,21095,9929,26401,25431,66428,45333,21024,949,114802,True,470,288,470,0.4444444444444445,0.6127659574468085,1.9780219780219777,1.7270808417957601e-13,E1B_fixed_physical_time,E1B_strong_ERK_protection_ld2p0,3,medium_activation,strong_ERK_protection,"large ERK radius, long ERK lifetime",0.5,0.005,2.5,3.0,2.0,1.0,0.4,7.66097339937839
E1B_strong_ERK_protection_ld2p0__rep04,27305,72.81564547339846,61.34990627145835,134.16555174485683,61.349906271458366,21000,9735,26780,25830,67031,46031,20937,920,115668,True,450,243,450,0.4444444444444445,0.54,1.4673913043478257,2.9519557374276863e-05,E1B_fixed_physical_time,E1B_strong_ERK_protection_ld2p0,4,medium_activation,strong_ERK_protection,"large ERK radius, long ERK lifetime",0.5,0.005,2.5,3.0,2.0,1.0,0.4,7.334974531319735
E1B_strong_ERK_protection_ld2p0__rep05,27306,67.37110849447518,61.34990627145835,128.72101476593355,61.349906271458366,20211,10285,25752,24767,64159,43948,20174,972,111057,True,485,265,485,0.4444444444444445,0.5463917525773195,1.505681818181818,4.190997469900364e-06,E1B_fixed_physical_time,E1B_strong_ERK_protection_ld2p0,5,medium_activation,strong_ERK_protection,"large ERK radius, long ERK lifetime",0.5,0.005,2.5,3.0,2.0,1.0,0.4,7.905472550422381
E1B_strong_ERK_protection_ld2p0__rep06,27307,63.67051361666795,61.34990627145835,125.0204198881263,61.34990627145835,16775,8334,25044,24100,62124,45349,16703,919,104790,True,444,283,444,0.4444444444444445,0.6373873873873874,2.197204968944099,2.3530987533361016e-16,E1B_fixed_physical_time,E1B_strong_ERK_protection_ld2p0,6,medium_activation,strong_ERK_protection,"large ERK radius, long ERK lifetime",0.5,0.005,2.5,3.0,2.0,1.0,0.4,7.23717487090214
E1B_strong_ERK_protection_ld2p0__rep07,27308,76.48338393224921,61.34990627145835,137.83329020370758,61.349906271458366,19162,8898,27747,26753,69248,50086,19102,963,117060,True,494,284,494,0.4444444444444445,0.5748987854251012,1.69047619047619,4.028500651972576e-09,E1B_fixed_physical_time,E1B_strong_ERK_protection_ld2p0,7,medium_activation,strong_ERK_protection,"large ERK radius, long ERK lifetime",0.5,0.005,2.5,3.0,2.0,1.0,0.4,8.052172041048776
E1B_strong_ERK_protection_ld2p0__rep08,27309,63.68536030442132,61.34990627145835,125.03526657587967,61.34990627145835,19595,9354,24763,23889,62804,43209,19526,860,107953,True,374,219,374,0.4444444444444445,0.5855614973262032,1.766129032258064,2.982359969600824e-08,E1B_fixed_physical_time,E1B_strong_ERK_protection_ld2p0,8,medium_activation,strong_ERK_protection,"large ERK radius, long ERK lifetime",0.5,0.005,2.5,3.0,2.0,1.0,0.4,6.096178832696848
E1B_strong_ERK_protection_ld2p0__rep09,27310,64.08439801957702,61.34990627145835,125.43430429103537,61.34990627145835,16926,8944,25169,24233,62930,46004,16863,914,105876,True,436,249,436,0.4444444444444445,0.5711009174311926,1.6644385026737962,7.464446899751137e-08,E1B_fixed_physical_time,E1B_strong_ERK_protection_ld2p0,9,medium_activation,strong_ERK_protection,"large ERK radius, long ERK lifetime",0.5,0.005,2.5,3.0,2.0,1.0,0.4,7.106775323678678
E1B_strong_ERK_protection_ld2p0__rep10,27311,63.263228646014,61.34990627145835,124.61313491747235,61.34990627145835,21371,10627,24784,23849,62427,41056,21345,922,109478,True,435,243,435,0.4444444444444445,0.5586206896551724,1.5820312499999996,1.1484995112078455e-06,E1B_fixed_physical_time,E1B_strong_ERK_protection_ld2p0,10,medium_activation,strong_ERK_protection,"large ERK radius, long ERK lifetime",0.5,0.005,2.5,3.0,2.0,1.0,0.4,7.090475380275746
E1B_strong_ERK_protection_ld4p0__rep01,27402,55.38819426080841,61.34990627145835,116.73810053226677,61.34990627145836,17657,10142,46749,45662,58083,40426,17616,1051,123499,True,587,343,587,0.4444444444444445,0.5843270868824532,1.7571721311475408,7.230447248504723e-12,E1B_fixed_physical_time,E1B_strong_ERK_protection_ld4p0,1,medium_activation,strong_ERK_protection,"large ERK radius, long ERK lifetime",0.5,0.005,2.5,3.0,4.0,1.0,0.4,9.568066777521523
E1B_strong_ERK_protection_ld4p0__rep02,27403,58.150295171108766,61.34990627145835,119.50020144256712,61.34990627145835,16960,8265,48019,47039,59617,42657,16909,956,125501,True,480,291,480,0.4444444444444445,0.60625,1.9246031746031744,8.012777086519559e-13,E1B_fixed_physical_time,E1B_strong_ERK_protection_ld4p0,2,medium_activation,strong_ERK_protection,"large ERK radius, long ERK lifetime",0.5,0.005,2.5,3.0,4.0,1.0,0.4,7.823972833407719
E1B_strong_ERK_protection_ld4p0__rep03,27404,65.53221420679279,61.34990627145835,126.88212047825114,61.34990627145835,18683,8881,50422,49336,63108,44425,18606,1063,133199,True,586,338,586,0.4444444444444445,0.5767918088737202,1.703629032258064,8.798031882771494e-11,E1B_fixed_physical_time,E1B_strong_ERK_protection_ld4p0,3,medium_activation,strong_ERK_protection,"large ERK radius, long ERK lifetime",0.5,0.005,2.5,3.0,4.0,1.0,0.4,9.55176683411859
E1B_strong_ERK_protection_ld4p0__rep04,27405,71.0217496238881,61.34990627145835,132.37165589534646,61.349906271458366,19490,9081,52866,51778,66399,46909,19454,1068,139787,True,588,336,588,0.4444444444444445,0.5714285714285714,1.6666666666666663,4.367486259581744e-10,E1B_fixed_physical_time,E1B_strong_ERK_protection_ld4p0,4,medium_activation,strong_ERK_protection,"large ERK radius, long ERK lifetime",0.5,0.005,2.5,3.0,4.0,1.0,0.4,9.584366720924454
E1B_strong_ERK_protection_ld4p0__rep05,27406,53.82087480219558,61.34990627145835,115.17078107365393,61.349906271458345,18602,10328,46005,44944,57688,39086,18509,1028,123230,True,561,325,561,0.4444444444444445,0.5793226381461676,1.7213983050847455,9.959035175089915e-11,E1B_fixed_physical_time,E1B_strong_ERK_protection_ld4p0,5,medium_activation,strong_ERK_protection,"large ERK radius, long ERK lifetime",0.5,0.005,2.5,3.0,4.0,1.0,0.4,9.144268249045274
E1B_strong_ERK_protection_ld4p0__rep06,27407,59.253397513218204,61.34990627145835,120.60330378467656,61.34990627145835,20279,10615,47858,46794,60356,40077,20196,1032,129442,True,564,321,564,0.4444444444444445,0.5691489361702128,1.6512345679012341,1.882272290994286e-09,E1B_fixed_physical_time,E1B_strong_ERK_protection_ld4p0,6,medium_activation,strong_ERK_protection,"large ERK radius, long ERK lifetime",0.5,0.005,2.5,3.0,4.0,1.0,0.4,9.19316807925407
E1B_strong_ERK_protection_ld4p0__rep07,27408,56.38363186977589,61.34990627145835,117.73353814123425,61.34990627145836,19206,10079,46644,45567,59257,40051,19122,1033,126056,True,577,322,577,0.4444444444444445,0.5580589254766031,1.578431372549019,2.8402000362044565e-08,E1B_fixed_physical_time,E1B_strong_ERK_protection_ld4p0,7,medium_activation,strong_ERK_protection,"large ERK radius, long ERK lifetime",0.5,0.005,2.5,3.0,4.0,1.0,0.4,9.405067343492195
E1B_strong_ERK_protection_ld4p0__rep08,27409,55.56410548383507,61.34990627145835,116.91401175529342,61.349906271458345,18157,9456,46761,45740,58209,40052,18096,995,124061,True,521,315,521,0.4444444444444445,0.6046065259117083,1.911407766990291,1.5615828384860658e-13,E1B_fixed_physical_time,E1B_strong_ERK_protection_ld4p0,8,medium_activation,strong_ERK_protection,"large ERK radius, long ERK lifetime",0.5,0.005,2.5,3.0,4.0,1.0,0.4,8.492270512927963
E1B_strong_ERK_protection_ld4p0__rep09,27410,55.65629346570757,61.34990627145835,117.00619973716593,61.34990627145836,17908,9499,46806,45733,58558,40650,17873,1065,124302,True,573,379,573,0.4444444444444445,0.6614310645724258,2.44201030927835,1.1421574473352678e-25,E1B_fixed_physical_time,E1B_strong_ERK_protection_ld4p0,9,medium_activation,strong_ERK_protection,"large ERK radius, long ERK lifetime",0.5,0.005,2.5,3.0,4.0,1.0,0.4,9.339867569880465
E1B_strong_ERK_protection_ld4p0__rep10,27411,57.28246890431286,61.34990627145835,118.63237517577122,61.34990627145836,18664,9435,47132,46151,58984,40320,18609,962,125687,True,481,289,481,0.4444444444444445,0.6008316008316008,1.8815104166666663,4.150625126435937e-12,E1B_fixed_physical_time,E1B_strong_ERK_protection_ld4p0,10,medium_activation,strong_ERK_protection,"large ERK radius, long ERK lifetime",0.5,0.005,2.5,3.0,4.0,1.0,0.4,7.840272776810651
E1B_reference_ERK_ld0p25__rep01,28002,76.22540147732447,61.34990627145835,137.57530774878282,61.34990627145835,22895,9213,3353,2509,69044,46149,22871,842,96110,True,344,237,344,0.4444444444444445,0.688953488372093,2.768691588785046,4.940849292031359e-20,E1B_fixed_physical_time,E1B_reference_ERK_ld0p25,1,medium_activation,reference_ERK,reference ERK protection,0.5,0.005,2.5,3.0,0.25,2.0,0.8,5.607180530608866
E1B_reference_ERK_ld0p25__rep02,28003,83.27451836380493,61.34990627145835,144.62442463526327,61.34990627145834,22842,9638,3626,2755,72052,49210,22828,867,99373,True,371,224,371,0.4444444444444445,0.6037735849056604,1.9047619047619042,5.185349860387309e-10,E1B_fixed_physical_time,E1B_reference_ERK_ld0p25,2,medium_activation,reference_ERK,reference ERK protection,0.5,0.005,2.5,3.0,0.25,2.0,0.8,6.047279002488051
E1B_reference_ERK_ld0p25__rep03,28004,89.76899918591246,61.34990627145835,151.11890545737083,61.349906271458366,22636,9397,3831,2973,75644,53008,22590,848,102913,True,358,239,358,0.4444444444444445,0.6675977653631285,2.510504201680672,1.5190865196404226e-17,E1B_fixed_physical_time,E1B_reference_ERK_ld0p25,3,medium_activation,reference_ERK,reference ERK protection,0.5,0.005,2.5,3.0,0.25,2.0,0.8,5.835379738249922
E1B_reference_ERK_ld0p25__rep04,28005,89.16689160899678,61.34990627145835,150.51679788045513,61.34990627145835,23533,9573,3686,2835,75218,51685,23486,845,103235,True,351,213,351,0.4444444444444445,0.6068376068376068,1.929347826086956,7.257940246601474e-10,E1B_fixed_physical_time,E1B_reference_ERK_ld0p25,4,medium_activation,reference_ERK,reference ERK protection,0.5,0.005,2.5,3.0,0.25,2.0,0.8,5.721280134429395
E1B_reference_ERK_ld0p25__rep05,28006,91.03702919460977,61.34990627145835,152.3869354660681,61.34990627145834,22463,8844,3878,3053,76103,53640,22387,817,103185,True,325,227,325,0.4444444444444445,0.6984615384615385,2.895408163265305,2.0232898723228092e-20,E1B_fixed_physical_time,E1B_reference_ERK_ld0p25,5,medium_activation,reference_ERK,reference ERK protection,0.5,0.005,2.5,3.0,0.25,2.0,0.8,5.297481605953144
E1B_reference_ERK_ld0p25__rep06,28007,80.23306410930435,61.34990627145835,141.5829703807627,61.34990627145835,21921,9692,3631,2753,70628,48707,21870,874,97003,True,378,239,378,0.4444444444444445,0.6322751322751323,2.149280575539568,1.646919105609007e-13,E1B_fixed_physical_time,E1B_reference_ERK_ld0p25,6,medium_activation,reference_ERK,reference ERK protection,0.5,0.005,2.5,3.0,0.25,2.0,0.8,6.1613786063085785
E1B_reference_ERK_ld0p25__rep07,28008,91.70772451677374,61.34990627145835,153.05763078823207,61.34990627145834,23347,9935,3834,2952,76537,53190,23261,872,104504,True,382,237,382,0.4444444444444445,0.6204188481675392,2.0431034482758617,3.650761600215503e-12,E1B_fixed_physical_time,E1B_reference_ERK_ld0p25,7,medium_activation,reference_ERK,reference ERK protection,0.5,0.005,2.5,3.0,0.25,2.0,0.8,6.226578379920311
E1B_reference_ERK_ld0p25__rep08,28009,83.66585055916546,61.34990627145835,145.01575683062381,61.34990627145835,22133,9407,3615,2702,72756,50623,22083,909,99363,True,413,280,413,0.4444444444444445,0.6779661016949152,2.6315789473684204,9.473311992293062e-22,E1B_fixed_physical_time,E1B_reference_ERK_ld0p25,8,medium_activation,reference_ERK,reference ERK protection,0.5,0.005,2.5,3.0,0.25,2.0,0.8,6.731876625411225
E1B_reference_ERK_ld0p25__rep09,28010,80.0232875861054,61.34990627145835,141.37319385756376,61.349906271458366,21543,8483,3500,2681,70743,49200,21491,815,96549,True,319,205,319,0.4444444444444445,0.6426332288401254,2.2478070175438596,8.561066754886703e-13,E1B_fixed_physical_time,E1B_reference_ERK_ld0p25,9,medium_activation,reference_ERK,reference ERK protection,0.5,0.005,2.5,3.0,0.25,2.0,0.8,5.199681945535546
E1B_reference_ERK_ld0p25__rep10,28011,84.66474289108834,61.34990627145835,146.01464916254668,61.34990627145834,23646,10236,3545,2679,73215,49569,23599,855,101214,True,366,239,366,0.4444444444444445,0.6530054644808743,2.3523622047244093,7.94807003770474e-16,E1B_fixed_physical_time,E1B_reference_ERK_ld0p25,10,medium_activation,reference_ERK,reference ERK protection,0.5,0.005,2.5,3.0,0.25,2.0,0.8,5.9657792854733875
E1B_reference_ERK_ld0p5__rep01,28102,47.72571120750251,61.34990627145835,109.07561747896087,61.34990627145835,17847,10273,5517,4367,54702,36855,17772,1128,79119,True,650,419,650,0.4444444444444445,0.6446153846153846,2.2673160173160167,8.38573022003667e-25,E1B_fixed_physical_time,E1B_reference_ERK_ld0p5,1,medium_activation,reference_ERK,reference ERK protection,0.5,0.005,2.5,3.0,0.5,2.0,0.8,10.594963211906286
E1B_reference_ERK_ld0p5__rep02,28103,47.19317420640083,61.34990627145835,108.54308047785918,61.349906271458345,17385,10230,5576,4412,54210,36825,17326,1149,78261,True,664,400,664,0.4444444444444445,0.6024096385542169,1.8939393939393934,2.2326102508739427e-16,E1B_fixed_physical_time,E1B_reference_ERK_ld0p5,2,medium_activation,reference_ERK,reference ERK protection,0.5,0.005,2.5,3.0,0.5,2.0,0.8,10.823162419547346
E1B_reference_ERK_ld0p5__rep03,28104,51.39685752118013,61.34990627145835,112.74676379263849,61.34990627145836,16654,9573,5555,4427,56567,39913,16606,1118,79846,True,628,409,628,0.4444444444444445,0.6512738853503185,2.3344748858447484,1.5250293305797013e-25,E1B_fixed_physical_time,E1B_reference_ERK_ld0p5,3,medium_activation,reference_ERK,reference ERK protection,0.5,0.005,2.5,3.0,0.5,2.0,0.8,10.236364457041764
E1B_reference_ERK_ld0p5__rep04,28105,44.996479971954216,61.34990627145835,106.34638624341257,61.34990627145835,18089,10836,5287,4087,53342,35253,18019,1177,77825,True,700,410,700,0.4444444444444445,0.5857142857142857,1.7672413793103445,4.472660644703621e-14,E1B_fixed_physical_time,E1B_reference_ERK_ld0p5,4,medium_activation,reference_ERK,reference ERK protection,0.5,0.005,2.5,3.0,0.5,2.0,0.8,11.409960382052924
E1B_reference_ERK_ld0p5__rep05,28106,53.03607046598167,61.34990627145835,114.38597673744002,61.349906271458345,18167,10093,5764,4606,57338,39171,18099,1141,82342,True,658,412,658,0.4444444444444445,0.6261398176291794,2.093495934959349,5.949398032844514e-21,E1B_fixed_physical_time,E1B_reference_ERK_ld0p5,5,medium_activation,reference_ERK,reference ERK protection,0.5,0.005,2.5,3.0,0.5,2.0,0.8,10.72536275912975
E1B_reference_ERK_ld0p5__rep06,28107,51.2125700712548,61.34990627145835,112.56247634271315,61.34990627145835,16616,8975,5493,4407,56117,39501,16532,1065,79207,True,586,387,586,0.4444444444444445,0.6604095563139932,2.430904522613065,5.590034194967707e-26,E1B_fixed_physical_time,E1B_reference_ERK_ld0p5,6,medium_activation,reference_ERK,reference ERK protection,0.5,0.005,2.5,3.0,0.5,2.0,0.8,9.55176683411859
E1B_reference_ERK_ld0p5__rep07,28108,48.83706343576651,61.34990627145835,110.18696970722486,61.34990627145835,16971,9241,5485,4348,54846,37875,16924,1128,78383,True,637,431,637,0.4444444444444445,0.6766091051805337,2.6152912621359214,3.0182668899749544e-32,E1B_fixed_physical_time,E1B_reference_ERK_ld0p5,7,medium_activation,reference_ERK,reference ERK protection,0.5,0.005,2.5,3.0,0.5,2.0,0.8,10.38306394766816
E1B_reference_ERK_ld0p5__rep08,28109,51.91239686300149,61.34990627145835,113.26230313445984,61.34990627145835,16881,8455,5617,4580,56886,40005,16837,1026,80366,True,537,362,537,0.4444444444444445,0.6741154562383612,2.5857142857142854,6.671785322826656e-27,E1B_fixed_physical_time,E1B_reference_ERK_ld0p5,8,medium_activation,reference_ERK,reference ERK protection,0.5,0.005,2.5,3.0,0.5,2.0,0.8,8.753069607374886
E1B_reference_ERK_ld0p5__rep09,28110,51.2024734849627,61.34990627145835,112.55237975642106,61.34990627145836,18650,10985,5719,4471,56155,37505,18598,1239,81711,True,748,485,748,0.4444444444444445,0.6483957219251337,2.305133079847908,2.6906332282914173e-29,E1B_fixed_physical_time,E1B_reference_ERK_ld0p5,9,medium_activation,reference_ERK,reference ERK protection,0.5,0.005,2.5,3.0,0.5,2.0,0.8,12.192357665393695
E1B_reference_ERK_ld0p5__rep10,28111,48.70572119790987,61.34990627145835,110.05562746936822,61.34990627145835,16760,9352,5443,4324,55028,38268,16717,1108,78296,True,619,407,619,0.4444444444444445,0.6575121163166397,2.399764150943396,1.1823180021847965e-26,E1B_fixed_physical_time,E1B_reference_ERK_ld0p5,10,medium_activation,reference_ERK,reference ERK protection,0.5,0.005,2.5,3.0,0.5,2.0,0.8,10.089664966415372
E1B_reference_ERK_ld1p0__rep01,28202,27.158163175638983,61.34990627145835,88.50806944709734,61.34990627145836,13074,8522,8678,7329,44309,31235,13027,1333,67347,True,849,522,849,0.4444444444444445,0.6148409893992933,1.9954128440366967,1.5715832748092445e-23,E1B_fixed_physical_time,E1B_reference_ERK_ld1p0,1,medium_activation,reference_ERK,reference ERK protection,0.5,0.005,2.5,3.0,1.0,2.0,0.8,13.838651949089902
E1B_reference_ERK_ld1p0__rep02,28203,23.13378449133351,61.34990627145835,84.48369076279187,61.34990627145835,13898,9386,8268,6815,42276,28378,13843,1432,65819,True,953,646,953,0.4444444444444445,0.6778593913955928,2.6302931596091197,7.646669810164979e-48,E1B_fixed_physical_time,E1B_reference_ERK_ld1p0,2,medium_activation,reference_ERK,reference ERK protection,0.5,0.005,2.5,3.0,1.0,2.0,0.8,15.53384606299491
E1B_reference_ERK_ld1p0__rep03,28204,30.171672645141207,61.34990627145835,91.52157891659957,61.34990627145836,14653,10195,9010,7611,45598,30945,14615,1384,70607,True,899,540,899,0.4444444444444445,0.6006674082313682,1.8802228412256263,3.955121968098978e-21,E1B_fixed_physical_time,E1B_reference_ERK_ld1p0,3,medium_activation,reference_ERK,reference ERK protection,0.5,0.005,2.5,3.0,1.0,2.0,0.8,14.653649119236539
E1B_reference_ERK_ld1p0__rep04,28205,42.78196728452132,61.34990627145835,104.13187355597967,61.349906271458345,14773,9045,10555,9078,51292,36519,14720,1446,78013,True,977,653,977,0.4444444444444445,0.6683725690890481,2.5192901234567895,3.467122207353035e-45,E1B_fixed_physical_time,E1B_reference_ERK_ld1p0,4,medium_activation,reference_ERK,reference ERK protection,0.5,0.005,2.5,3.0,1.0,2.0,0.8,15.925044704665297
E1B_reference_ERK_ld1p0__rep05,28206,32.19220176043952,61.34990627145835,93.54210803189787,61.34990627145835,15166,10723,9478,7936,46660,31494,15109,1517,72764,True,1042,622,1042,0.4444444444444445,0.5969289827255279,1.8511904761904758,3.7964310133659276e-23,E1B_fixed_physical_time,E1B_reference_ERK_ld1p0,5,medium_activation,reference_ERK,reference ERK protection,0.5,0.005,2.5,3.0,1.0,2.0,0.8,16.984541025855922
E1B_reference_ERK_ld1p0__rep06,28207,29.379955498264884,61.34990627145835,90.72986176972324,61.34990627145836,13499,9238,9010,7482,45276,31777,13458,1508,69252,True,1028,679,1028,0.4444444444444445,0.6605058365758755,2.4319484240687674,2.9468287913197933e-44,E1B_fixed_physical_time,E1B_reference_ERK_ld1p0,6,medium_activation,reference_ERK,reference ERK protection,0.5,0.005,2.5,3.0,1.0,2.0,0.8,16.756341818214864
E1B_reference_ERK_ld1p0__rep07,28208,32.41128428077248,61.34990627145835,93.76119055223083,61.34990627145835,14410,9622,9297,7871,46967,32557,14316,1396,71976,True,926,542,926,0.4444444444444445,0.5853131749460043,1.7643229166666663,5.590168418749278e-18,E1B_fixed_physical_time,E1B_reference_ERK_ld1p0,7,medium_activation,reference_ERK,reference ERK protection,0.5,0.005,2.5,3.0,1.0,2.0,0.8,15.093747591115726
E1B_reference_ERK_ld1p0__rep08,28209,33.400131884844,61.34990627145835,94.75003815630235,61.34990627145835,14680,10281,9538,7941,47528,32848,14618,1568,73252,True,1097,679,1097,0.4444444444444445,0.6189608021877848,2.030502392344497,2.9265135959320503e-31,E1B_fixed_physical_time,E1B_reference_ERK_ld1p0,8,medium_activation,reference_ERK,reference ERK protection,0.5,0.005,2.5,3.0,1.0,2.0,0.8,17.881037913017224
E1B_reference_ERK_ld1p0__rep09,28210,36.51957486160128,61.34990627145835,97.86948113305962,61.349906271458345,12784,7998,9896,8595,48855,36071,12737,1276,72764,True,801,527,801,0.4444444444444445,0.6579275905118602,2.4041970802919703,4.28055432460527e-34,E1B_fixed_physical_time,E1B_reference_ERK_ld1p0,9,medium_activation,reference_ERK,reference ERK protection,0.5,0.005,2.5,3.0,1.0,2.0,0.8,13.056254665749133
E1B_reference_ERK_ld1p0__rep10,28211,31.10535200520153,61.34990627145835,92.45525827665989,61.34990627145836,13206,8783,9236,7843,46536,33330,13173,1371,70316,True,893,568,893,0.4444444444444445,0.6360582306830908,2.184615384615384,9.593006770924403e-31,E1B_fixed_physical_time,E1B_reference_ERK_ld1p0,10,medium_activation,reference_ERK,reference ERK protection,0.5,0.005,2.5,3.0,1.0,2.0,0.8,14.555849458818942
E1B_reference_ERK_ld2p0__rep01,28302,21.425783709121625,61.34990627145835,82.77568998057998,61.34990627145836,11283,8297,16777,14900,41218,29935,11200,1839,71034,True,1377,900,1377,0.4444444444444445,0.6535947712418301,2.3584905660377355,5.054123926951585e-55,E1B_fixed_physical_time,E1B_reference_ERK_ld2p0,1,medium_activation,reference_ERK,reference ERK protection,0.5,0.005,2.5,3.0,2.0,2.0,0.8,22.44502206583839
E1B_reference_ERK_ld2p0__rep02,28303,20.01928775825464,61.34990627145835,81.36919402971299,61.349906271458345,13578,10389,16550,14588,40687,27109,13528,1936,72701,True,1462,862,1462,0.4444444444444445,0.5896032831737346,1.795833333333333,6.132176327578785e-29,E1B_fixed_physical_time,E1B_reference_ERK_ld2p0,2,medium_activation,reference_ERK,reference ERK protection,0.5,0.005,2.5,3.0,2.0,2.0,0.8,23.83051725508768
E1B_reference_ERK_ld2p0__rep03,28304,14.031820352892392,61.34990627145835,75.38172662435075,61.34990627145835,12967,10129,15074,13105,37933,24966,12945,1948,67900,True,1469,921,1469,0.4444444444444445,0.6269571136827774,2.100821167883211,6.064031973537681e-45,E1B_fixed_physical_time,E1B_reference_ERK_ld2p0,3,medium_activation,reference_ERK,reference ERK protection,0.5,0.005,2.5,3.0,2.0,2.0,0.8,23.94461685890821
E1B_reference_ERK_ld2p0__rep04,28305,25.534475307021257,61.34990627145835,86.8843815784796,61.34990627145835,13624,10445,17215,15117,43541,29917,13576,2065,76397,True,1598,985,1598,0.4444444444444445,0.6163954943679599,2.008564437194127,1.9756787024382727e-43,E1B_fixed_physical_time,E1B_reference_ERK_ld2p0,4,medium_activation,reference_ERK,reference ERK protection,0.5,0.005,2.5,3.0,2.0,2.0,0.8,26.047309557886532
E1B_reference_ERK_ld2p0__rep05,28306,18.374692262479755,61.34990627145835,79.7245985339381,61.34990627145835,11381,8369,16107,14291,39984,28603,11347,1798,69236,True,1316,796,1316,0.4444444444444445,0.6048632218844985,1.9134615384615379,1.2137669675698284e-31,E1B_fixed_physical_time,E1B_reference_ERK_ld2p0,5,medium_activation,reference_ERK,reference ERK protection,0.5,0.005,2.5,3.0,2.0,2.0,0.8,21.450725518259496
E1B_reference_ERK_ld2p0__rep06,28307,23.618189778949045,61.34990627145835,84.9680960504074,61.34990627145835,11613,8601,17109,15359,42428,30815,11576,1723,72836,True,1250,799,1250,0.4444444444444445,0.6392,2.214523281596452,1.1956949952590308e-43,E1B_fixed_physical_time,E1B_reference_ERK_ld2p0,6,medium_activation,reference_ERK,reference ERK protection,0.5,0.005,2.5,3.0,2.0,2.0,0.8,20.374929253665936
E1B_reference_ERK_ld2p0__rep07,28308,23.92025296534898,61.34990627145835,85.27015923680733,61.34990627145835,11460,8654,16987,15239,42354,30894,11371,1721,72433,True,1248,814,1248,0.4444444444444445,0.6522435897435898,2.344470046082949,2.0290011552653843e-49,E1B_fixed_physical_time,E1B_reference_ERK_ld2p0,7,medium_activation,reference_ERK,reference ERK protection,0.5,0.005,2.5,3.0,2.0,2.0,0.8,20.34232936686007
E1B_reference_ERK_ld2p0__rep08,28309,20.988961814053706,61.34990627145835,82.33886808551206,61.34990627145835,13595,10506,16529,14353,41132,27537,13563,2152,73376,True,1676,1047,1676,0.4444444444444445,0.6247016706443914,2.0806836248012717,8.574038660412197e-50,E1B_fixed_physical_time,E1B_reference_ERK_ld2p0,8,medium_activation,reference_ERK,reference ERK protection,0.5,0.005,2.5,3.0,2.0,2.0,0.8,27.318705143315285
E1B_reference_ERK_ld2p0__rep09,28310,19.480659382455524,61.34990627145835,80.83056565391388,61.34990627145835,11806,8757,16135,14330,40474,28668,11762,1782,70153,True,1305,790,1305,0.4444444444444445,0.6053639846743295,1.9174757281553394,1.4057155336378845e-31,E1B_fixed_physical_time,E1B_reference_ERK_ld2p0,9,medium_activation,reference_ERK,reference ERK protection,0.5,0.005,2.5,3.0,2.0,2.0,0.8,21.271426140827238
E1B_reference_ERK_ld2p0__rep10,28311,23.627904751815322,61.34990627145835,84.97781102327367,61.34990627145835,14151,10952,17159,14926,42518,28367,14125,2212,76014,True,1733,1013,1733,0.4444444444444445,0.584535487593768,1.7586805555555551,9.346240597903822e-32,E1B_fixed_physical_time,E1B_reference_ERK_ld2p0,10,medium_activation,reference_ERK,reference ERK protection,0.5,0.005,2.5,3.0,2.0,2.0,0.8,28.24780191728245
E1B_reference_ERK_ld4p0__rep01,28402,15.370090480145834,61.34990627145835,76.71999675160419,61.34990627145835,11776,9597,30677,28500,38569,26793,11733,2142,83121,True,1677,1042,1677,0.4444444444444445,0.6213476446034586,2.051181102362204,4.808169293375649e-48,E1B_fixed_physical_time,E1B_reference_ERK_ld4p0,1,medium_activation,reference_ERK,reference ERK protection,0.5,0.005,2.5,3.0,4.0,2.0,0.8,27.33500508671822
E1B_reference_ERK_ld4p0__rep02,28403,18.250300803907848,61.34990627145835,79.6002070753662,61.34990627145835,12422,10107,31876,29324,39857,27435,12387,2520,86640,True,2052,1247,2052,0.4444444444444445,0.6076998050682261,1.9363354037267075,6.041016186112092e-50,E1B_fixed_physical_time,E1B_reference_ERK_ld4p0,2,medium_activation,reference_ERK,reference ERK protection,0.5,0.005,2.5,3.0,4.0,2.0,0.8,33.447483862818
E1B_reference_ERK_ld4p0__rep03,28404,18.944184297786467,61.34990627145835,80.29409056924482,61.34990627145835,11723,9580,32127,29708,39982,28259,11637,2370,86116,True,1919,1148,1919,0.4444444444444445,0.5982282438770192,1.8612191958495456,9.330838971119998e-42,E1B_fixed_physical_time,E1B_reference_ERK_ld4p0,3,medium_activation,reference_ERK,reference ERK protection,0.5,0.005,2.5,3.0,4.0,2.0,0.8,31.279591390227942
E1B_reference_ERK_ld4p0__rep04,28405,20.629573746853378,61.34990627145835,81.97948001831173,61.34990627145835,11104,8872,32853,30455,40775,29671,11092,2372,87092,True,1898,1179,1898,0.4444444444444445,0.6211801896733403,2.0497218358831706,5.0641961969954156e-54,E1B_fixed_physical_time,E1B_reference_ERK_ld4p0,4,medium_activation,reference_ERK,reference ERK protection,0.5,0.005,2.5,3.0,4.0,2.0,0.8,30.937292578766357
E1B_reference_ERK_ld4p0__rep05,28406,15.465774914706714,61.34990627145835,76.81568118616507,61.34990627145835,14004,11605,30713,28255,38482,24478,13942,2440,85577,True,1958,1094,1958,0.4444444444444445,0.5587334014300307,1.5827546296296293,2.4153081124395335e-24,E1B_fixed_physical_time,E1B_reference_ERK_ld4p0,5,medium_activation,reference_ERK,reference ERK protection,0.5,0.005,2.5,3.0,4.0,2.0,0.8,31.91528918294232
E1B_reference_ERK_ld4p0__rep06,28407,14.913756584107444,61.34990627145835,76.2636628555658,61.34990627145835,11060,8679,30438,28282,38348,27288,11025,2134,81945,True,1656,1052,1656,0.4444444444444445,0.6352657004830918,2.177152317880794,5.638741231139075e-55,E1B_fixed_physical_time,E1B_reference_ERK_ld4p0,6,medium_activation,reference_ERK,reference ERK protection,0.5,0.005,2.5,3.0,4.0,2.0,0.8,26.99270627525663
E1B_reference_ERK_ld4p0__rep07,28408,15.753754859047943,61.34990627145835,77.1036611305063,61.34990627145835,12760,10203,31211,28748,38799,26039,12638,2393,85041,True,1963,1174,1963,0.4444444444444445,0.5980641874681609,1.8599493029150818,1.391491330840837e-42,E1B_fixed_physical_time,E1B_reference_ERK_ld4p0,7,medium_activation,reference_ERK,reference ERK protection,0.5,0.005,2.5,3.0,4.0,2.0,0.8,31.996788899956986
E1B_reference_ERK_ld4p0__rep08,28409,13.099155467987316,61.34990627145835,74.44906173944567,61.34990627145835,11923,10062,29657,27036,36957,25034,11839,2564,81017,True,2121,1233,2121,0.4444444444444445,0.5813295615275813,1.7356418918918914,8.645179889828186e-37,E1B_fixed_physical_time,E1B_reference_ERK_ld4p0,8,medium_activation,reference_ERK,reference ERK protection,0.5,0.005,2.5,3.0,4.0,2.0,0.8,34.57217995762036
E1B_reference_ERK_ld4p0__rep09,28410,18.261685691014815,61.34990627145835,79.61159196247317,61.34990627145835,11809,9571,32070,29586,39818,28009,11747,2448,86083,True,1984,1282,1984,0.4444444444444445,0.6461693548387096,2.282763532763532,5.0613152800213044e-73,E1B_fixed_physical_time,E1B_reference_ERK_ld4p0,9,medium_activation,reference_ERK,reference ERK protection,0.5,0.005,2.5,3.0,4.0,2.0,0.8,32.33908771141857
E1B_reference_ERK_ld4p0__rep10,28411,15.24425964054353,61.34990627145835,76.59416591200188,61.34990627145835,11678,9500,30875,28414,38378,26700,11641,2422,83316,True,1961,1193,1961,0.4444444444444445,0.6083630800611932,1.941731770833333,3.427686779349858e-48,E1B_fixed_physical_time,E1B_reference_ERK_ld4p0,10,medium_activation,reference_ERK,reference ERK protection,0.5,0.005,2.5,3.0,4.0,2.0,0.8,31.96418901315112
E1B_weak_ERK_protection_ld0p25__rep01,29002,76.58502330369527,61.34990627145835,137.9349295751536,61.34990627145834,20041,8673,3482,2621,68727,48686,19942,857,93008,True,361,247,361,0.4444444444444445,0.6842105263157895,2.708333333333333,3.454908691434351e-20,E1B_fixed_physical_time,E1B_weak_ERK_protection_ld0p25,1,medium_activation,weak_ERK_protection,"small ERK radius, short ERK lifetime",0.5,0.005,2.5,3.0,0.25,4.0,1.6,5.884279568458724
E1B_weak_ERK_protection_ld0p25__rep02,29003,73.32573175725256,61.34990627145835,134.67563802871092,61.349906271458366,19348,7834,3449,2600,67728,48380,19289,843,91309,True,349,244,349,0.4444444444444445,0.6991404011461319,2.904761904761904,6.461848968360598e-22,E1B_fixed_physical_time,E1B_weak_ERK_protection_ld0p25,2,medium_activation,weak_ERK_protection,"small ERK radius, short ERK lifetime",0.5,0.005,2.5,3.0,0.25,4.0,1.6,5.688680247623528
E1B_weak_ERK_protection_ld0p25__rep03,29004,88.70327299210467,61.34990627145835,150.05317926356304,61.349906271458366,22788,10516,3689,2735,75104,52316,22741,950,102484,True,454,304,454,0.4444444444444445,0.6696035242290749,2.5333333333333328,3.603933898419364e-22,E1B_fixed_physical_time,E1B_weak_ERK_protection_ld0p25,3,medium_activation,weak_ERK_protection,"small ERK radius, short ERK lifetime",0.5,0.005,2.5,3.0,0.25,4.0,1.6,7.400174304931466
E1B_weak_ERK_protection_ld0p25__rep04,29005,81.59501293002343,61.34990627145835,142.94491920148178,61.34990627145835,20473,9461,3497,2583,71371,50898,20414,908,96190,True,414,266,414,0.4444444444444445,0.642512077294686,2.2466216216216215,4.200201594285625e-16,E1B_fixed_physical_time,E1B_weak_ERK_protection_ld0p25,4,medium_activation,weak_ERK_protection,"small ERK radius, short ERK lifetime",0.5,0.005,2.5,3.0,0.25,4.0,1.6,6.7481765688141575
E1B_weak_ERK_protection_ld0p25__rep05,29006,82.86407724608176,61.34990627145835,144.2139835175401,61.34990627145834,21635,9519,3646,2720,71694,50059,21611,922,97873,True,426,252,426,0.4444444444444445,0.5915492957746479,1.8103448275862066,7.727418595813334e-10,E1B_fixed_physical_time,E1B_weak_ERK_protection_ld0p25,5,medium_activation,weak_ERK_protection,"small ERK radius, short ERK lifetime",0.5,0.005,2.5,3.0,0.25,4.0,1.6,6.943775889649352
E1B_weak_ERK_protection_ld0p25__rep06,29007,63.54495180503001,61.34990627145835,124.89485807648836,61.34990627145835,22052,11292,3136,2158,62552,40500,22007,977,88672,True,478,320,478,0.4444444444444445,0.6694560669456067,2.5316455696202524,3.187090582708031e-23,E1B_fixed_physical_time,E1B_weak_ERK_protection_ld0p25,6,medium_activation,weak_ERK_protection,"small ERK radius, short ERK lifetime",0.5,0.005,2.5,3.0,0.25,4.0,1.6,7.791372946601854
E1B_weak_ERK_protection_ld0p25__rep07,29008,66.67287280184202,61.34990627145835,128.02277907330037,61.34990627145835,20129,9697,3137,2213,64069,43940,20034,917,88157,True,424,316,424,0.4444444444444445,0.7452830188679245,3.657407407407407,2.6197733735277705e-36,E1B_fixed_physical_time,E1B_weak_ERK_protection_ld0p25,7,medium_activation,weak_ERK_protection,"small ERK radius, short ERK lifetime",0.5,0.005,2.5,3.0,0.25,4.0,1.6,6.911176002843486
E1B_weak_ERK_protection_ld0p25__rep08,29009,73.84322637791786,61.34990627145835,135.1931326493762,61.34990627145834,21431,10358,3459,2498,67397,45966,21351,958,93165,True,461,268,461,0.4444444444444445,0.5813449023861171,1.7357512953367873,2.5155856018220587e-09,E1B_fixed_physical_time,E1B_weak_ERK_protection_ld0p25,8,medium_activation,weak_ERK_protection,"small ERK radius, short ERK lifetime",0.5,0.005,2.5,3.0,0.25,4.0,1.6,7.514273908751998
E1B_weak_ERK_protection_ld0p25__rep09,29010,80.7435186282875,61.34990627145835,142.09342489974586,61.34990627145835,22531,10466,3540,2581,71147,48616,22497,955,98139,True,459,295,459,0.4444444444444445,0.6427015250544662,2.248475609756097,1.0535216151981414e-17,E1B_fixed_physical_time,E1B_weak_ERK_protection_ld0p25,9,medium_activation,weak_ERK_protection,"small ERK radius, short ERK lifetime",0.5,0.005,2.5,3.0,0.25,4.0,1.6,7.481674021946131
E1B_weak_ERK_protection_ld0p25__rep10,29011,80.07812179991825,61.34990627145835,141.42802807137662,61.349906271458366,20891,9132,3477,2594,71069,50178,20835,877,96258,True,383,258,383,0.4444444444444445,0.6736292428198434,2.579999999999999,1.3464314786275313e-19,E1B_fixed_physical_time,E1B_weak_ERK_protection_ld0p25,10,medium_activation,weak_ERK_protection,"small ERK radius, short ERK lifetime",0.5,0.005,2.5,3.0,0.25,4.0,1.6,6.242878323323241
E1B_weak_ERK_protection_ld0p5__rep01,29102,39.282837532834286,61.34990627145835,100.63274380429263,61.349906271458345,14924,9301,4942,3685,50272,35348,14860,1239,71313,True,757,495,757,0.4444444444444445,0.6538969616908851,2.3616412213740454,3.633685205618433e-31,E1B_fixed_physical_time,E1B_weak_ERK_protection_ld0p5,1,medium_activation,weak_ERK_protection,"small ERK radius, short ERK lifetime",0.5,0.005,2.5,3.0,0.5,4.0,1.6,12.339057156020091
E1B_weak_ERK_protection_ld0p5__rep02,29103,39.54186355511747,61.34990627145835,100.89176982657582,61.34990627145835,14391,8590,5067,3858,50413,36022,14364,1200,71044,True,709,458,709,0.4444444444444445,0.6459802538787024,2.2808764940239037,3.0532532451319657e-27,E1B_fixed_physical_time,E1B_weak_ERK_protection_ld0p5,2,medium_activation,weak_ERK_protection,"small ERK radius, short ERK lifetime",0.5,0.005,2.5,3.0,0.5,4.0,1.6,11.556659872679319
E1B_weak_ERK_protection_ld0p5__rep03,29104,33.52420573621421,61.34990627145835,94.87411200767257,61.34990627145835,15693,10240,4852,3489,47879,32186,15633,1351,69715,True,863,521,863,0.4444444444444445,0.6037079953650057,1.9042397660818708,4.375635976468992e-21,E1B_fixed_physical_time,E1B_weak_ERK_protection_ld0p5,3,medium_activation,weak_ERK_protection,"small ERK radius, short ERK lifetime",0.5,0.005,2.5,3.0,0.5,4.0,1.6,14.066851156730962
E1B_weak_ERK_protection_ld0p5__rep04,29105,36.55300078068337,61.34990627145835,97.90290705214173,61.34990627145836,14281,8922,4964,3715,49240,34959,14214,1240,69658,True,749,516,749,0.4444444444444445,0.6889185580774366,2.768240343347639,1.4201865001898014e-41,E1B_fixed_physical_time,E1B_weak_ERK_protection_ld0p5,4,medium_activation,weak_ERK_protection,"small ERK radius, short ERK lifetime",0.5,0.005,2.5,3.0,0.5,4.0,1.6,12.208657608796628
E1B_weak_ERK_protection_ld0p5__rep05,29106,37.0460936116264,61.34990627145835,98.39599988308476,61.34990627145836,16794,10420,4868,3419,49551,32757,16757,1439,72615,True,949,648,949,0.4444444444444445,0.6828240252897787,2.6910299003322256,1.1754431510835271e-49,E1B_fixed_physical_time,E1B_weak_ERK_protection_ld0p5,5,medium_activation,weak_ERK_protection,"small ERK radius, short ERK lifetime",0.5,0.005,2.5,3.0,0.5,4.0,1.6,15.468646289383177
E1B_weak_ERK_protection_ld0p5__rep06,29107,34.247575404823316,61.34990627145835,95.59748167628166,61.349906271458345,15443,9626,4753,3418,47873,32430,15400,1328,69354,True,835,519,835,0.4444444444444445,0.6215568862275449,2.0530063291139236,6.726919030073898e-25,E1B_fixed_physical_time,E1B_weak_ERK_protection_ld0p5,6,medium_activation,weak_ERK_protection,"small ERK radius, short ERK lifetime",0.5,0.005,2.5,3.0,0.5,4.0,1.6,13.610452741448846
E1B_weak_ERK_protection_ld0p5__rep07,29108,34.54812602278007,61.34990627145835,95.89803229423842,61.34990627145835,15763,10261,4870,3484,48046,32283,15721,1384,70021,True,886,573,886,0.4444444444444445,0.6467268623024831,2.2883386581469645,7.81102155320604e-34,E1B_fixed_physical_time,E1B_weak_ERK_protection_ld0p5,7,medium_activation,weak_ERK_protection,"small ERK radius, short ERK lifetime",0.5,0.005,2.5,3.0,0.5,4.0,1.6,14.441749854998415
E1B_weak_ERK_protection_ld0p5__rep08,29109,35.80592616677016,61.34990627145835,97.15583243822852,61.34990627145835,17128,11821,4796,3325,48829,31701,17033,1462,72120,True,971,606,971,0.4444444444444445,0.6240988671472708,2.0753424657534243,1.9177299611467723e-29,E1B_fixed_physical_time,E1B_weak_ERK_protection_ld0p5,8,medium_activation,weak_ERK_protection,"small ERK radius, short ERK lifetime",0.5,0.005,2.5,3.0,0.5,4.0,1.6,15.827245044247698
E1B_weak_ERK_protection_ld0p5__rep09,29110,38.11674798306113,61.34990627145835,99.46665425451948,61.34990627145835,16322,10257,4989,3596,50060,33738,16298,1386,72733,True,893,591,893,0.4444444444444445,0.6618141097424413,2.4461920529801318,3.846185326822615e-39,E1B_fixed_physical_time,E1B_weak_ERK_protection_ld0p5,9,medium_activation,weak_ERK_protection,"small ERK radius, short ERK lifetime",0.5,0.005,2.5,3.0,0.5,4.0,1.6,14.555849458818944
E1B_weak_ERK_protection_ld0p5__rep10,29111,46.75454264459542,61.34990627145835,108.10444891605377,61.34990627145835,15454,9263,5419,4169,54373,38919,15406,1243,76441,True,750,503,750,0.4444444444444445,0.6706666666666666,2.545546558704453,8.264146396702797e-36,E1B_fixed_physical_time,E1B_weak_ERK_protection_ld0p5,10,medium_activation,weak_ERK_protection,"small ERK radius, short ERK lifetime",0.5,0.005,2.5,3.0,0.5,4.0,1.6,12.22495755219956
E1B_weak_ERK_protection_ld1p0__rep01,29202,23.759175262852725,61.34990627145835,85.10908153431107,61.34990627145835,12408,9273,8571,6534,42551,30143,12351,2020,65493,True,1537,938,1537,0.4444444444444445,0.6102797657774887,1.9574290484140227,4.847935597099883e-39,E1B_fixed_physical_time,E1B_weak_ERK_protection_ld1p0,1,medium_activation,weak_ERK_protection,"small ERK radius, short ERK lifetime",0.5,0.005,2.5,3.0,1.0,4.0,1.6,25.053013010307634
E1B_weak_ERK_protection_ld1p0__rep02,29203,18.679687173023723,61.34990627145835,80.02959344448207,61.34990627145835,13216,10109,7921,5886,40368,27152,13154,2016,63459,True,1535,999,1535,0.4444444444444445,0.650814332247557,2.3297574626865662,1.5622535446575445e-59,E1B_fixed_physical_time,E1B_weak_ERK_protection_ld1p0,2,medium_activation,weak_ERK_protection,"small ERK radius, short ERK lifetime",0.5,0.005,2.5,3.0,1.0,4.0,1.6,25.02041312350177
E1B_weak_ERK_protection_ld1p0__rep03,29204,18.83381616977747,61.34990627145835,80.18372244123583,61.34990627145836,11851,8893,7885,5962,40144,28293,11835,1921,61785,True,1423,936,1423,0.4444444444444445,0.657765284609979,2.402464065708419,4.897851250990717e-59,E1B_fixed_physical_time,E1B_weak_ERK_protection_ld1p0,3,medium_activation,weak_ERK_protection,"small ERK radius, short ERK lifetime",0.5,0.005,2.5,3.0,1.0,4.0,1.6,23.1948194623733
E1B_weak_ERK_protection_ld1p0__rep04,29205,19.323832274283173,61.34990627145835,80.67373854574153,61.34990627145835,13079,9901,8031,5957,40421,27342,13069,2069,63590,True,1574,999,1574,0.4444444444444445,0.6346886912325286,2.1717391304347817,4.841227330911875e-52,E1B_fixed_physical_time,E1B_weak_ERK_protection_ld1p0,4,medium_activation,weak_ERK_protection,"small ERK radius, short ERK lifetime",0.5,0.005,2.5,3.0,1.0,4.0,1.6,25.656110916216146
E1B_weak_ERK_protection_ld1p0__rep05,29206,21.939276049437893,61.34990627145835,83.28918232089624,61.34990627145835,13271,10131,8308,6171,41868,28597,13226,2121,65523,True,1637,995,1637,0.4444444444444445,0.6078191814294441,1.9373052959501553,2.7445817842203576e-40,E1B_fixed_physical_time,E1B_weak_ERK_protection_ld1p0,5,medium_activation,weak_ERK_protection,"small ERK radius, short ERK lifetime",0.5,0.005,2.5,3.0,1.0,4.0,1.6,26.68300735060091
E1B_weak_ERK_protection_ld1p0__rep06,29207,17.1813417918867,61.34990627145835,78.53124806334506,61.34990627145836,13273,10209,7895,5699,39582,26309,13184,2165,62826,True,1696,1068,1696,0.4444444444444445,0.6297169811320755,2.1257961783439487,4.0602889344671926e-53,E1B_fixed_physical_time,E1B_weak_ERK_protection_ld1p0,6,medium_activation,weak_ERK_protection,"small ERK radius, short ERK lifetime",0.5,0.005,2.5,3.0,1.0,4.0,1.6,27.64470401137394
E1B_weak_ERK_protection_ld1p0__rep07,29208,17.7152353406288,61.34990627145835,79.06514161208716,61.34990627145836,12168,9127,7951,6018,39732,27564,12153,1929,61765,True,1433,975,1433,0.4444444444444445,0.680390788555478,2.6610262008733616,1.622005617429364e-72,E1B_fixed_physical_time,E1B_weak_ERK_protection_ld1p0,7,medium_activation,weak_ERK_protection,"small ERK radius, short ERK lifetime",0.5,0.005,2.5,3.0,1.0,4.0,1.6,23.357818896402627
E1B_weak_ERK_protection_ld1p0__rep08,29209,25.14262377932109,61.34990627145835,86.49253005077944,61.349906271458345,13361,10361,8561,6477,43470,30109,13308,2069,67408,True,1584,1010,1584,0.4444444444444445,0.6376262626262627,2.199477351916376,6.062871364936588e-54,E1B_fixed_physical_time,E1B_weak_ERK_protection_ld1p0,8,medium_activation,weak_ERK_protection,"small ERK radius, short ERK lifetime",0.5,0.005,2.5,3.0,1.0,4.0,1.6,25.819110350245477
E1B_weak_ERK_protection_ld1p0__rep09,29210,18.60817618047503,61.34990627145835,79.95808245193338,61.34990627145835,12735,9523,7841,5825,40093,27358,12680,2003,62617,True,1516,980,1516,0.4444444444444445,0.6464379947229552,2.285447761194029,2.0940470064453046e-56,E1B_fixed_physical_time,E1B_weak_ERK_protection_ld1p0,9,medium_activation,weak_ERK_protection,"small ERK radius, short ERK lifetime",0.5,0.005,2.5,3.0,1.0,4.0,1.6,24.710714198846045
E1B_weak_ERK_protection_ld1p0__rep10,29211,22.03770321298749,61.34990627145835,83.38760948444585,61.34990627145835,12204,9017,8332,6361,41753,29549,12173,1964,64222,True,1471,958,1471,0.4444444444444445,0.6512576478585996,2.3343079922027283,2.2644513166301863e-57,E1B_fixed_physical_time,E1B_weak_ERK_protection_ld1p0,10,medium_activation,weak_ERK_protection,"small ERK radius, short ERK lifetime",0.5,0.005,2.5,3.0,1.0,4.0,1.6,23.977216745714074
E1B_weak_ERK_protection_ld2p0__rep01,29302,8.392315173818496,61.34990627145835,69.74222144527684,61.349906271458345,13022,11332,13875,10105,35101,22079,12936,3728,65640,True,3270,2053,3270,0.4444444444444445,0.6278287461773701,2.1086688578471646,1.5084162525758975e-98,E1B_fixed_physical_time,E1B_weak_ERK_protection_ld2p0,1,medium_activation,weak_ERK_protection,"small ERK radius, short ERK lifetime",0.5,0.005,2.5,3.0,2.0,4.0,1.6,53.300814927590096
E1B_weak_ERK_protection_ld2p0__rep02,29303,18.001567231110254,61.34990627145835,79.35147350256861,61.34990627145835,12436,10543,15644,12237,39645,27209,12401,3390,71080,True,2907,1763,2907,0.4444444444444445,0.6064671482628139,1.9263548951048948,6.6101203956018e-69,E1B_fixed_physical_time,E1B_weak_ERK_protection_ld2p0,2,medium_activation,weak_ERK_protection,"small ERK radius, short ERK lifetime",0.5,0.005,2.5,3.0,2.0,4.0,1.6,47.3839354723255
E1B_weak_ERK_protection_ld2p0__rep03,29304,12.635029833289067,61.34990627145835,73.98493610474742,61.34990627145835,10892,9069,14735,11704,37314,26422,10847,3005,65901,True,2531,1638,2531,0.4444444444444445,0.6471750296325564,2.292833146696528,1.624409765671006e-93,E1B_fixed_physical_time,E1B_weak_ERK_protection_ld2p0,3,medium_activation,weak_ERK_protection,"small ERK radius, short ERK lifetime",0.5,0.005,2.5,3.0,2.0,4.0,1.6,41.255156752822785
E1B_weak_ERK_protection_ld2p0__rep04,29305,12.84198024041042,61.34990627145835,74.19188651186877,61.34990627145835,10045,8235,14809,11913,37010,26965,10009,2871,64699,True,2396,1579,2396,0.4444444444444445,0.6590150250417363,2.415850673194614,3.40822594799579e-99,E1B_fixed_physical_time,E1B_weak_ERK_protection_ld2p0,4,medium_activation,weak_ERK_protection,"small ERK radius, short ERK lifetime",0.5,0.005,2.5,3.0,2.0,4.0,1.6,39.05466439342686
E1B_weak_ERK_protection_ld2p0__rep05,29306,11.801689315671775,61.34990627145835,73.15159558713013,61.34990627145836,10969,9152,14584,11476,36498,25529,10894,3066,65042,True,2608,1685,2608,0.4444444444444445,0.6460889570552147,2.2819609967497287,2.799117123320287e-95,E1B_fixed_physical_time,E1B_weak_ERK_protection_ld2p0,5,medium_activation,weak_ERK_protection,"small ERK radius, short ERK lifetime",0.5,0.005,2.5,3.0,2.0,4.0,1.6,42.5102523948486
E1B_weak_ERK_protection_ld2p0__rep06,29307,14.368838583455023,61.34990627145835,75.71874485491338,61.34990627145836,10755,8976,15202,12059,37607,26852,10688,3111,66608,True,2643,1743,2643,0.4444444444444445,0.659477866061294,2.4208333333333325,1.1190322893178758e-109,E1B_fixed_physical_time,E1B_weak_ERK_protection_ld2p0,6,medium_activation,weak_ERK_protection,"small ERK radius, short ERK lifetime",0.5,0.005,2.5,3.0,2.0,4.0,1.6,43.08075041395125
E1B_weak_ERK_protection_ld2p0__rep07,29308,12.0790517248105,61.34990627145835,73.42895799626885,61.34990627145835,10445,8848,14592,11627,36643,26198,10413,2949,64597,True,2465,1661,2465,0.4444444444444445,0.6738336713995943,2.5824004975124373,1.587871206847858e-116,E1B_fixed_physical_time,E1B_weak_ERK_protection_ld2p0,7,medium_activation,weak_ERK_protection,"small ERK radius, short ERK lifetime",0.5,0.005,2.5,3.0,2.0,4.0,1.6,40.17936048822922
E1B_weak_ERK_protection_ld2p0__rep08,29309,14.319518145405786,61.34990627145835,75.66942441686413,61.349906271458345,10362,8607,15058,12194,38310,27948,10299,2837,66504,True,2364,1593,2364,0.4444444444444445,0.6738578680203046,2.582684824902723,7.367724205922044e-112,E1B_fixed_physical_time,E1B_weak_ERK_protection_ld2p0,8,medium_activation,weak_ERK_protection,"small ERK radius, short ERK lifetime",0.5,0.005,2.5,3.0,2.0,4.0,1.6,38.53306620453302
E1B_weak_ERK_protection_ld2p0__rep09,29310,13.718073529351651,61.34990627145835,75.06797980081001,61.34990627145836,10635,8811,15145,12092,37739,27104,10594,3035,66513,True,2553,1709,2553,0.4444444444444445,0.6694085389737564,2.5311018957345963,5.299805278219086e-116,E1B_fixed_physical_time,E1B_weak_ERK_protection_ld2p0,9,medium_activation,weak_ERK_protection,"small ERK radius, short ERK lifetime",0.5,0.005,2.5,3.0,2.0,4.0,1.6,41.6137555076873
E1B_weak_ERK_protection_ld2p0__rep10,29311,11.82010882458468,61.34990627145835,73.17001509604303,61.34990627145835,11062,9262,14572,11446,36747,25685,11021,3098,65438,True,2626,1648,2626,0.4444444444444445,0.6275704493526276,2.106339468302658,2.531954185662629e-79,E1B_fixed_physical_time,E1B_weak_ERK_protection_ld2p0,10,medium_activation,weak_ERK_protection,"small ERK radius, short ERK lifetime",0.5,0.005,2.5,3.0,2.0,4.0,1.6,42.8036513761014
E1B_weak_ERK_protection_ld4p0__rep01,29402,5.77501919158395,61.34990627145835,67.1249254630423,61.34990627145835,11055,10016,26958,21701,33762,22707,11003,5219,76942,True,4757,2834,4757,0.4444444444444445,0.595753626235022,1.8421736869474774,2.073818081033606e-97,E1B_fixed_physical_time,E1B_weak_ERK_protection_ld4p0,1,medium_activation,weak_ERK_protection,"small ERK radius, short ERK lifetime",0.5,0.005,2.5,3.0,4.0,4.0,1.6,77.53883076775108
E1B_weak_ERK_protection_ld4p0__rep02,29403,9.827582294977109,61.34990627145835,71.17748856643546,61.34990627145835,9965,8899,28167,23449,35502,25537,9936,4690,78295,True,4218,2706,4218,0.4444444444444445,0.6415362731152204,2.237103174603174,5.304611879263135e-146,E1B_fixed_physical_time,E1B_weak_ERK_protection_ld4p0,2,medium_activation,weak_ERK_protection,"small ERK radius, short ERK lifetime",0.5,0.005,2.5,3.0,4.0,4.0,1.6,68.75316127357033
E1B_weak_ERK_protection_ld4p0__rep03,29404,5.6923399360152045,61.34990627145835,67.04224620747355,61.34990627145835,10213,9231,26502,21429,33402,23189,10173,5029,75106,True,4573,3073,4573,0.4444444444444445,0.6719877542094905,2.560833333333333,6.7879053610499615e-211,E1B_fixed_physical_time,E1B_weak_ERK_protection_ld4p0,3,medium_activation,weak_ERK_protection,"small ERK radius, short ERK lifetime",0.5,0.005,2.5,3.0,4.0,4.0,1.6,74.53964118161146
E1B_weak_ERK_protection_ld4p0__rep04,29405,7.565743432982672,61.34990627145835,68.91564970444102,61.34990627145835,10724,9663,27494,22330,34572,23848,10646,5105,77817,True,4664,2981,4664,0.4444444444444445,0.6391509433962265,2.2140522875816986,2.4160553740828073e-157,E1B_fixed_physical_time,E1B_weak_ERK_protection_ld4p0,4,medium_activation,weak_ERK_protection,"small ERK radius, short ERK lifetime",0.5,0.005,2.5,3.0,4.0,4.0,1.6,76.02293603127833
E1B_weak_ERK_protection_ld4p0__rep05,29406,7.1204019533744685,61.34990627145835,68.47030822483282,61.34990627145835,11094,10100,27504,22122,34388,23294,11034,5333,78259,True,4882,3096,4882,0.4444444444444445,0.634166325276526,2.166853303471444,2.647272623544649e-156,E1B_fixed_physical_time,E1B_weak_ERK_protection_ld4p0,5,medium_activation,weak_ERK_protection,"small ERK radius, short ERK lifetime",0.5,0.005,2.5,3.0,4.0,4.0,1.6,79.57632369311767
E1B_weak_ERK_protection_ld4p0__rep06,29407,7.591791953768082,61.34990627145835,68.94169822522643,61.34990627145835,10396,9307,27505,22361,34420,24024,10359,5098,77382,True,4644,2887,4644,0.4444444444444445,0.6216623600344531,2.053927148548662,6.023577967590391e-130,E1B_fixed_physical_time,E1B_weak_ERK_protection_ld4p0,6,medium_activation,weak_ERK_protection,"small ERK radius, short ERK lifetime",0.5,0.005,2.5,3.0,4.0,4.0,1.6,75.69693716321969
E1B_weak_ERK_protection_ld4p0__rep07,29408,7.657001772566527,61.34990627145835,69.00690804402488,61.34990627145835,9721,8755,27670,22728,34066,24345,9631,4888,76255,True,4442,2954,4442,0.4444444444444445,0.665015758667267,2.4815188172043006,1.7882000376544317e-192,E1B_fixed_physical_time,E1B_weak_ERK_protection_ld4p0,7,medium_activation,weak_ERK_protection,"small ERK radius, short ERK lifetime",0.5,0.005,2.5,3.0,4.0,4.0,1.6,72.40434859582727
E1B_weak_ERK_protection_ld4p0__rep08,29409,7.859475208010609,61.34990627145835,69.20938147946896,61.34990627145835,10605,9616,27622,22543,34567,23962,10550,5022,77761,True,4579,2987,4579,0.4444444444444445,0.652325835335226,2.3453203517587937,4.154492027511693e-176,E1B_fixed_physical_time,E1B_weak_ERK_protection_ld4p0,8,medium_activation,weak_ERK_protection,"small ERK radius, short ERK lifetime",0.5,0.005,2.5,3.0,4.0,4.0,1.6,74.63744084202905
E1B_weak_ERK_protection_ld4p0__rep09,29410,8.2520097335835,61.34990627145835,69.60191600504186,61.34990627145836,10235,9216,27843,22850,34745,24510,10167,4938,77693,True,4493,2917,4493,0.4444444444444445,0.6492321388827065,2.31361040609137,9.85076493335952e-168,E1B_fixed_physical_time,E1B_weak_ERK_protection_ld4p0,9,medium_activation,weak_ERK_protection,"small ERK radius, short ERK lifetime",0.5,0.005,2.5,3.0,4.0,4.0,1.6,73.23564570937683
E1B_weak_ERK_protection_ld4p0__rep10,29411,7.53925028993093,61.34990627145835,68.88915656138929,61.34990627145835,10032,9060,27817,22750,34333,24301,9984,5026,77160,True,4567,2854,4567,0.4444444444444445,0.6249178892051676,2.082603619381202,1.5917654636414512e-132,E1B_fixed_physical_time,E1B_weak_ERK_protection_ld4p0,10,medium_activation,weak_ERK_protection,"small ERK radius, short ERK lifetime",0.5,0.005,2.5,3.0,4.0,4.0,1.6,74.44184152119387
