activation_regime,beta_a_R,beta_a_T,erk_regime,beta_d_R,beta_d_T,lambda_d,n_observed_deaths_analyzed_mean,n_observed_deaths_analyzed_std,n_observed_deaths_analyzed_min,n_observed_deaths_analyzed_max,analysis_time_span_mean,analysis_time_span_std,analysis_time_span_min,analysis_time_span_max,observed_death_rate_after_burnin_mean,observed_death_rate_after_burnin_std,observed_death_rate_after_burnin_min,observed_death_rate_after_burnin_max,accepted_activations_during_analysis_mean,accepted_activations_during_analysis_std,accepted_activations_during_analysis_min,accepted_activations_during_analysis_max,t_zone_observed_fraction_mean,t_zone_observed_fraction_std,t_zone_observed_fraction_min,t_zone_observed_fraction_max,t_zone_density_ratio_mean,t_zone_density_ratio_std,t_zone_density_ratio_min,t_zone_density_ratio_max,t_zone_binomial_p_value_greater_mean,t_zone_binomial_p_value_greater_std,t_zone_binomial_p_value_greater_min,t_zone_binomial_p_value_greater_max,death_candidates_mean,death_candidates_std,death_candidates_min,death_candidates_max,death_rejected_mean,death_rejected_std,death_rejected_min,death_rejected_max,activation_candidates_mean,activation_candidates_std,activation_candidates_min,activation_candidates_max,activation_rejected_mean,activation_rejected_std,activation_rejected_min,activation_rejected_max
local_activation,5.0,3.0,reference_ERK,2.0,0.8,0.25,1000.0,0.0,1000,1000,1750.4779834361402,55.36856146497429,1644.6511847320303,1826.35866713439,0.5717936860369359,0.018319154390644646,0.5475375773637219,0.608031666096379,58555.0,1702.0891737965892,55334,60999,0.9117000000000001,0.00986632882304479,0.9,0.928,13.07311190263585,1.6659702557534,11.249999999999996,16.11111111111111,2.477329687066528e-204,0.0,7.911801379621607e-235,2.259350268660129e-203,65395.9,1461.6308585503623,62734,67821,63895.9,1461.6308585503612,61234,66321,1309437.3,30193.29561729455,1257263,1364406,1221977.7,28341.958436408564,1172866,1273574
local_activation,5.0,3.0,reference_ERK,2.0,0.8,0.5,1000.0,0.0,1000,1000,937.2732743504748,29.938994808950937,901.4467304377172,974.5368245752109,1.0679090766698232,0.034245320458253806,1.026128489742692,1.1093278906391153,31380.1,917.9740313441455,30010,32720,0.9069,0.006740425308044977,0.895,0.918,12.239906648075983,0.9774424101784955,10.654761904761902,13.993902439024387,3.4938217914383143e-199,0.0,4.325654550856077e-223,3.493799181383108e-198,69654.0,2382.80548933395,65692,74052,68154.0,2382.80548933395,64192,72552,697532.4,24344.54263370836,659476,739015,650675.8,22883.61770544352,615383,689645
local_activation,5.0,3.0,reference_ERK,2.0,0.8,1.0,1000.0,0.0,1000,1000,496.6785434851166,17.813737489070153,471.20418029724163,532.6778763565839,2.015671568313473,0.07121972942283732,1.8773071764117768,2.122222259083498,16680.9,460.1068595687545,15873,17582,0.9074,0.01657441133528162,0.867,0.924,12.56915679001036,2.014962483530694,8.148496240601501,15.19736842105263,3.96373394751789e-172,0.0,4.640807269142021e-230,3.96373394751789e-171,74372.8,1596.2075749169392,71766,76335,72872.8,1596.2075749169392,70266,74835,371707.9,8209.459103172794,358266,382148,346729.4,7879.414448069387,333714,356691
local_activation,5.0,3.0,reference_ERK,2.0,0.8,2.0,1000.0,0.0,1000,1000,285.6022187959743,9.27433421624739,270.7108057874951,301.6243113874337,3.5046924244647135,0.11363034972098868,3.3153826208508406,3.6939788830778655,9492.6,316.7590040814414,8815,9920,0.9136000000000001,0.010265367883216771,0.895,0.926,13.391627238892834,1.6345318404374818,10.654761904761902,15.64189189189189,3.4938217749966037e-199,0.0,1.972556138572983e-232,3.493799181383108e-198,84506.2,2310.589621719963,80068,88268,83006.2,2310.589621719963,78568,86768,210931.4,6011.094191391262,198274,220856,196871.3,5612.318872108232,185127,206222
local_activation,5.0,3.0,reference_ERK,2.0,0.8,4.0,1000.0,0.0,1000,1000,176.6251684803779,10.552115534166461,162.36282999013054,195.86174490014298,5.679623624760579,0.33381453009729,5.105642250403897,6.159045146360078,5883.0,234.9907799609736,5508,6255,0.9038999999999999,0.007636898730651252,0.893,0.916,11.831819601507153,1.0447354381313843,10.432242990654203,13.630952380952376,4.2288164331540774e-197,0.0,8.177396093904473e-221,3.8596383353327327e-196,105405.7,5074.880536087086,98013,114463,103905.7,5074.880536087086,96513,112963,131808.6,6377.434562580788,122625,143068,122988.6,6093.913943891526,114275,133831
local_activation,5.0,3.0,strong_ERK_protection,1.0,0.4,0.25,1000.0,0.0,1000,1000,1940.6788446821167,53.36401757960125,1836.7452714507879,2021.3911582320677,0.5156366528146652,0.014274677127088796,0.4947088028596166,0.5444413090608536,64813.9,1579.6487267744037,62025,67386,0.909,0.009580071908799942,0.89,0.918,12.613985653794312,1.3530500202861002,10.113636363636362,13.993902439024387,4.145498036231227e-194,0.0,4.325654550856077e-223,4.145494764386157e-193,73209.5,1923.8786199873464,69652,75824,71709.5,1923.8786199873464,68152,74324,1460696.5,38426.64337915672,1386591,1514737,1362921.3,36371.544601209476,1292553,1413427
local_activation,5.0,3.0,strong_ERK_protection,1.0,0.4,0.5,1000.0,0.0,1000,1000,1141.18993501788,39.35092821390459,1074.671015604978,1199.1733710175008,0.8772193739942376,0.030340195211040373,0.8339077769476303,0.9305173262136017,38084.5,1275.94350710889,36117,39878,0.9082000000000001,0.006373556481449105,0.9,0.921,12.429572438928872,1.0108478395761187,11.249999999999996,14.572784810126578,2.2609088235201987e-204,0.0,1.5066953678301806e-226,2.259350268660129e-203,85314.2,2255.8463206127817,80568,87999,83814.2,2255.8463206127817,79068,86499,853147.3,22835.48551438699,804124,882901,796251.9,21428.131169874167,749921,824293
local_activation,5.0,3.0,strong_ERK_protection,1.0,0.4,1.0,1000.0,0.0,1000,1000,691.8903543773403,15.827825954991047,672.7425008881725,716.9918384660826,1.4459954611650019,0.033020397848753734,1.394716015372475,1.486452838463117,23094.3,451.8596266787085,22410,23778,0.9008,0.005006662228138284,0.893,0.906,11.379129290827754,0.6237613096951874,10.432242990654203,12.04787234042553,4.229394894993193e-197,0.0,9.285341886087033e-210,3.8596383353327327e-196,103639.5,1725.9491591585188,101484,106495,102139.5,1725.9491591585188,99984,104995,518293.6,8857.326411257252,506425,531733,483645.3,8493.68319596001,472473,496355
local_activation,5.0,3.0,strong_ERK_protection,1.0,0.4,2.0,1000.0,0.0,1000,1000,459.60525585131444,15.882734297735004,435.55692504099886,479.56109343858907,2.1781395045144465,0.07588561618684231,2.0852400532113986,2.295911148481614,15385.3,527.1403039039982,14370,16036,0.8957,0.011944780357033693,0.879,0.917,10.89087436324842,1.5248838582476596,9.080578512396691,13.810240963855417,2.5009779851249364e-183,0.0,5.986458745597878e-222,2.5009741667048465e-182,138293.0,5223.384237148251,129752,145110,136793.0,5223.384237148251,128252,143610,345973.4,13247.957949141535,325448,364708,322764.5,12412.139006723306,303767,339909
local_activation,5.0,3.0,strong_ERK_protection,1.0,0.4,4.0,1000.0,0.0,1000,1000,334.24634275828475,10.04561466189359,313.75542465607384,346.68715376380555,2.9942913618977673,0.09195495995971587,2.8844449214327965,3.1871958902261532,11388.8,386.8619621748535,10739,11871,0.8949999999999999,0.014259499757471652,0.882,0.924,10.891426619015018,1.949200286779276,9.34322033898305,15.19736842105263,6.45320589080624e-186,0.0,4.640807269142021e-230,3.224497784951725e-185,204090.8,5135.9195606369585,192944,209798,202590.8,5135.9195606369585,191444,208298,254972.8,6103.290493204829,242517,262014,237737.3,5899.6812352683755,225271,244180
local_activation,5.0,3.0,weak_ERK_protection,4.0,1.6,0.25,1000.0,0.0,1000,1000,1712.2537380044912,56.10670800968736,1623.5614947555825,1827.9423803558857,0.584582737414008,0.018908913309711593,0.5470631956163235,0.615929857433915,57197.5,1852.567902489227,54968,60802,0.9093,0.009638464608017192,0.894,0.925,12.677729537319934,1.5349684744682135,10.542452830188678,15.416666666666663,3.6915049767855584e-198,0.0,3.0473445551393793e-231,3.691502717293411e-197,64265.4,1921.6423646916667,61642,67370,62765.4,1921.6423646916667,60142,65870,1287526.9,37881.01284710084,1234373,1355270,1201600.5,35466.462459468516,1151605,1265200
local_activation,5.0,3.0,weak_ERK_protection,4.0,1.6,0.5,1000.0,0.0,1000,1000,855.9941002309612,38.2910391384699,788.7413517057965,903.3333809097014,1.1704090596446413,0.05411572177955632,1.1070110118071255,1.2678427444400098,28705.1,1175.5074034456595,26500,29891,0.913,0.008164965809277258,0.896,0.924,13.227514485731911,1.3061593499571325,10.769230769230766,15.19736842105263,3.2718450688556736e-200,0.0,4.640807269142021e-230,3.271845068762819e-199,64526.9,2138.028190750638,61270,68335,63026.9,2138.028190750638,59770,66835,645614.5,22338.60085268447,612930,681693,602458.3,20975.88646809051,571877,636408
local_activation,5.0,3.0,weak_ERK_protection,4.0,1.6,1.0,1000.0,0.0,1000,1000,447.4509112711854,13.94311837846124,417.2015675311874,466.9180390829305,2.236886878067636,0.07154124755864308,2.1417035031760414,2.3969229212573517,14827.0,443.4152806468344,13930,15546,0.9096,0.013712929827153816,0.893,0.932,12.89109955291433,2.3152278226180965,10.432242990654203,17.132352941176467,7.7192766924635e-197,0.0,1.063171804537247e-239,3.8596383353327327e-196,66848.0,1595.8892331375782,63107,68511,65348.0,1595.8892331375794,61607,67011,333882.7,8386.199046979245,315320,342655,311671.8,7868.5922897442315,294264,319799
local_activation,5.0,3.0,weak_ERK_protection,4.0,1.6,2.0,1000.0,0.0,1000,1000,231.52681270791373,6.353845050905283,221.20384893150174,241.5387171165612,4.3220709541686775,0.11814446685291463,4.140123007763688,4.520716998507839,7745.1,230.58208950393353,7429,8088,0.9107000000000001,0.01305586288054358,0.897,0.933,13.048374599488096,2.2990829596001525,10.885922330097085,17.40671641791044,3.31159275362624e-201,0.0,6.192950683925721e-241,3.031438114127357e-200,68811.5,1754.1123269493191,66235,72004,67311.5,1754.1123269493191,64735,70504,172137.5,4825.235405886661,165287,180162,160582.4,4612.868430332211,154161,168452
local_activation,5.0,3.0,weak_ERK_protection,4.0,1.6,4.0,1000.0,0.0,1000,1000,123.37394321441248,10.117236616798856,102.65778629492027,135.8127763246933,8.158245248259998,0.7185440695268929,7.3630775179005115,9.741102317627924,4170.7,196.22099219445866,3806,4400,0.9077,0.011411982007229673,0.895,0.929,12.502680221298574,1.89507275865345,10.654761904761902,16.355633802816897,3.4943256572947475e-199,0.0,4.900650671173773e-236,3.493799181383108e-198,74777.7,5533.932619153703,65844,81058,73277.7,5533.932619153703,64344,79558,93414.6,6982.572515436794,82229,101241,87123.3,6708.7818409074,76264,94648
medium_activation,2.5,3.0,reference_ERK,2.0,0.8,0.25,1000.0,0.0,1000,1000,176.70122497543224,9.038595667164307,167.4992146702303,194.20013648334685,5.672188847356532,0.2808487099443823,5.149326968087649,5.970177245121917,27048.1,780.4617507888805,26143,28658,0.6507000000000001,0.023673942543555274,0.611,0.679,2.3431728739227173,0.2395177210738068,1.9633676092544983,2.6440809968847345,2.9762213898743075e-27,9.402057519609167e-27,1.363753911404464e-50,2.9734935076255e-26,6588.2,311.51771841885477,6247,7100,5088.2,311.51771841885477,4747,5600,132305.6,5901.401758151282,124149,139680,91801.2,5318.230967363323,84326,98878
medium_activation,2.5,3.0,reference_ERK,2.0,0.8,0.5,1000.0,0.0,1000,1000,103.66272289378296,9.810385447225011,89.82367379255807,117.16943179236905,9.725818908440221,0.9313357591642333,8.534649222947989,11.13292251115708,15727.4,590.7270849460763,15046,16801,0.6339,0.03207439269365312,0.572,0.67,2.187255047973241,0.29130583040865127,1.6705607476635511,2.537878787878787,4.0218233587839904e-17,1.2718119499774054e-16,7.292388752344176e-47,4.0218226014921955e-16,7843.2,612.2070818857874,6928,8703,6343.2,612.2070818857874,5428,7203,78329.6,6696.4213195474,68833,87829,54925.6,5982.872910790153,45850,63370
medium_activation,2.5,3.0,reference_ERK,2.0,0.8,1.0,1000.0,0.0,1000,1000,62.33343433987445,2.7923600458004354,56.59666051967231,65.79541576463785,16.072783685461076,0.7457018829086492,15.198627265722912,17.668887012377915,9637.9,329.6366518186688,9192,10225,0.6226,0.02839874801622232,0.572,0.668,2.079213418869362,0.25305333401899366,1.6705607476635511,2.5150602409638547,4.021823008972582e-17,1.2718119622685094e-16,4.67481964919836e-46,4.0218226014921955e-16,9356.9,342.7725031108665,8896,9842,7856.9,342.77250311086624,7396,8342,46785.2,1753.1224080986983,44173,48695,32339.8,1666.1379027892947,29818,34212
medium_activation,2.5,3.0,reference_ERK,2.0,0.8,2.0,1000.0,0.0,1000,1000,44.07171520998028,3.539845398898898,40.0436430868664,48.89628286284625,22.820838239408925,1.807720729163567,20.451452369191202,24.972752799506946,6709.0,364.86009495269406,6172,7277,0.612,0.03735416085703617,0.545,0.663,1.9982790177392822,0.3086663369682857,1.497252747252747,2.4591988130563793,1.1334197554024797e-11,3.584164280183924e-11,4.497379002222635e-44,1.1334130125463385e-10,13253.2,595.324897289987,12519,14373,11753.2,595.324897289987,11019,12873,33160.9,1521.0718041346147,31251,36090,23344.1,1576.419885549391,21136,26507
medium_activation,2.5,3.0,reference_ERK,2.0,0.8,4.0,1000.0,0.0,1000,1000,32.40590621163714,2.570740262323044,29.326721569416478,35.66644720531224,31.035208971912596,2.47602386895725,28.037555696073305,34.09859494976265,5001.5,201.7711850366922,4695,5307,0.6128,0.02105970349057916,0.565,0.637,1.9865207051601796,0.1681724082939558,1.6235632183908042,2.1935261707988976,1.3763251120742503e-15,4.352322139628027e-15,1.5635610104744767e-34,1.3763251076876006e-14,19363.5,1325.6906166640506,17676,22095,17863.5,1325.6906166640506,16176,20595,24276.0,1513.3567545911528,22172,27373,16971.3,1505.1033224038508,14598,19796
medium_activation,2.5,3.0,strong_ERK_protection,1.0,0.4,0.25,1000.0,0.0,1000,1000,298.0246606944764,19.26212158521333,277.80251809587554,334.5111292192022,3.367504782976062,0.20788831442895064,2.9894371596369482,3.59967939403227,46045.7,2039.7217702422056,43353,50229,0.6125999999999999,0.019884108674461092,0.577,0.637,1.9840992968722564,0.16162019202970979,1.7050827423167845,2.1935261707988976,2.8686472342390875e-18,9.034062308072582e-18,1.5635610104744767e-34,2.8579862795730186e-17,11216.6,519.9444842160236,10675,12227,9716.6,519.9444842160236,9175,10727,224632.0,10786.013886304596,213047,247157,156352.3,8940.621293971815,145831,174468
medium_activation,2.5,3.0,strong_ERK_protection,1.0,0.4,0.5,1000.0,0.0,1000,1000,215.98046498985764,10.676686982920106,192.29083694422914,227.98301471430747,4.640798845635575,0.24201619280958847,4.386291677268725,5.200455808978739,32652.6,1933.8807385956122,29482,34386,0.6141,0.012792793110011438,0.587,0.628,1.9922999034858364,0.10458946816581144,1.7766343825665853,2.1102150537634405,1.0656825305986289e-20,3.368566155702426e-20,1.587620792900055e-31,1.0652789204078878e-19,16172.1,775.3119013948158,14305,17023,14672.1,775.3119013948158,12805,15523,161518.3,8128.339246119098,142820,171193,111972.3,6258.929941380643,97356,118150
medium_activation,2.5,3.0,strong_ERK_protection,1.0,0.4,1.0,1000.0,0.0,1000,1000,161.97779418037564,10.294803581897083,149.7603937441997,186.23764202232718,6.194723148149669,0.36881072183776303,5.369483790393537,6.677332871520516,24844.9,1383.0645883528202,22925,27114,0.5965,0.018939963627795695,0.564,0.626,1.8540842581675925,0.1467388584235971,1.6169724770642198,2.0922459893048124,2.244186423475744e-15,7.094561764452647e-15,7.055524839515104e-31,2.243566257772062e-14,24467.4,1339.734069798099,22690,26229,22967.4,1339.734069798099,21190,24729,122251.3,6663.240770576033,112663,129760,84460.6,5221.9317030301245,76776,90613
medium_activation,2.5,3.0,strong_ERK_protection,1.0,0.4,2.0,1000.0,0.0,1000,1000,135.8329070073777,10.808707218569243,115.0930206019806,151.8545540469787,7.406008258994239,0.6171671985486935,6.585248669530408,8.688624164780947,20653.1,1575.7584029426735,18121,23723,0.5793,0.03005568905289717,0.513,0.622,1.734281110427722,0.20367998698137696,1.3167351129363447,2.0568783068783065,7.921791757481841e-07,2.50509016203465e-06,1.3243889209824878e-29,7.921790766246914e-06,40401.8,2262.37902316222,37102,44843,38901.8,2262.37902316222,35602,43343,101067.8,5600.224634383478,92125,111418,70107.0,5023.700650140513,62668,77505
medium_activation,2.5,3.0,strong_ERK_protection,1.0,0.4,4.0,1000.0,0.0,1000,1000,113.07053527816034,9.367975753588116,100.61807482393954,131.4877500257275,8.897000119156454,0.7128346802523048,7.605271211989979,9.938572187450312,17301.7,1158.4596142195792,15766,19433,0.5686,0.03053668103918447,0.523,0.607,1.660544958069848,0.2043582577567373,1.3705450733752618,1.9306615776081422,3.842257298305013e-08,1.1726909817979577e-07,4.339368811735295e-25,3.720864514872475e-07,67423.2,4005.5109203862276,62386,73433,65923.2,4005.510920386229,60886,71933,84314.4,5147.288459848437,78494,92071,58594.4,4665.389044156267,53048,65731
medium_activation,2.5,3.0,weak_ERK_protection,4.0,1.6,0.25,1000.0,0.0,1000,1000,150.61529226572424,11.70259463641656,137.37500535384862,177.04668316908192,6.673569615992717,0.4902957672843286,5.648227812576341,7.279344575268361,23010.9,594.9951353676018,22262,24190,0.643,0.027349588662354693,0.609,0.696,2.2710347564164506,0.2855815380120614,1.9469309462915596,2.8618421052631575,1.1501574990896587e-26,3.6204781816504074e-26,4.4910209758608334e-58,1.1454133245887514e-25,5694.4,334.6378473647129,5091,6427,4194.4,334.6378473647129,3591,4927,114404.4,7382.112768939073,103007,130471,79850.1,6840.0602247186225,68750,94348
medium_activation,2.5,3.0,weak_ERK_protection,4.0,1.6,0.5,1000.0,0.0,1000,1000,79.01104727915087,6.885738908534133,64.2085447758327,87.40641613982177,12.750786864063738,1.209692994824811,11.440807713707493,15.574251113948115,11859.5,353.9884649721419,11191,12437,0.6428,0.04158471941577684,0.591,0.706,2.293941847394524,0.4261814208043915,1.8062347188264054,3.001700680272108,1.0416429728644941e-21,3.2019449981979243e-21,9.465305595303964e-63,1.015147828555154e-20,5815.1,310.9496029191154,5356,6333,4315.1,310.9496029191154,3856,4833,58279.7,3358.929493818595,52783,63535,40683.6,3239.99174210196,35528,45498
medium_activation,2.5,3.0,weak_ERK_protection,4.0,1.6,1.0,1000.0,0.0,1000,1000,39.5834057478711,2.7668939582721075,35.26010647094658,44.86441896136175,25.374084275596516,1.770353668865394,22.28937815646788,28.360663086028236,6229.0,203.51303534554137,5947,6571,0.6359,0.03882854047676212,0.559,0.678,2.2164250895757442,0.34833688456343814,1.5844671201814056,2.6319875776397508,2.4321321652718356e-14,7.69107719559209e-14,3.604644482131949e-50,2.432132160369804e-13,6323.6,370.41454255109016,5743,6775,4823.6,370.41454255109016,4243,5275,31750.9,2061.363866203366,28492,34835,22353.8,1860.5831105089374,19347,25231
medium_activation,2.5,3.0,weak_ERK_protection,4.0,1.6,2.0,1000.0,0.0,1000,1000,24.343831133031593,2.6381067803442177,20.70986973210683,29.664067685302292,41.49819744465144,4.335487375746873,33.71081844232279,48.28615596986033,3463.2,113.18500096940612,3341,3671,0.6574,0.038262833722091806,0.599,0.725,2.4406630675802417,0.42260216752451113,1.8672069825436406,3.2954545454545445,8.16545570138397e-24,2.3812376215325257e-23,3.2621020318021173e-72,7.572911711703456e-23,7321.6,504.95988839598823,6504,8115,5821.6,504.95988839598823,5004,6615,18291.3,1298.6447679536288,16227,20758,13086.9,1205.1602429183893,11193,15452
medium_activation,2.5,3.0,weak_ERK_protection,4.0,1.6,4.0,1000.0,0.0,1000,1000,14.169999708173373,2.728020222942066,9.743858579176177,18.124914765080554,73.06108898244841,14.662155643980642,55.172673249012966,102.62874731547551,2067.0,105.91296216967754,1896,2208,0.6479999999999999,0.06481083585670255,0.555,0.748,2.417075372873389,0.7086049247407283,1.5589887640449434,3.7103174603174596,1.5266485347859588e-13,4.816797476955615e-13,1.0149484300448306e-84,1.523546640963671e-12,9331.9,1319.976131939093,7750,11294,7831.9,1319.9761319390925,6250,9794,11652.5,1557.4260995487252,9842,13967,8542.8,1511.6114139112162,6791,10873
non_local_activation,1.0,1.2,reference_ERK,2.0,0.8,0.25,1000.0,0.0,1000,1000,55.25924183591356,1.9121360566644143,52.359605608836276,57.876630481955054,18.116087293285577,0.6285081731023701,17.278130942881738,19.09869236737029,27571.1,1032.2072843076517,26167,28970,0.4378,0.016943041836301624,0.407,0.465,0.9752228076016205,0.06694599143577462,0.8579258010118042,1.086448598130841,0.6203396222075708,0.30441208819022375,0.1010382018520014,0.9922717402795456,2101.2,47.553011354580775,2009,2175,601.2,47.553011354580775,509,675,41521.6,1229.68326545226,39637,43874,121.1,62.32611366389248,32,253
non_local_activation,1.0,1.2,reference_ERK,2.0,0.8,0.5,1000.0,0.0,1000,1000,35.22469949865448,1.5343186123903687,32.69503795313689,37.12206677422073,28.439216854794005,1.2773469349468882,26.93815530482387,30.585680965819343,17612.7,739.3731654433896,16266,18446,0.4305,0.018774983355518592,0.402,0.461,0.9470693823380938,0.0728850302610175,0.8403010033444813,1.0691094619666044,0.7198711914618379,0.3010418392705373,0.15345588278668074,0.9969482481550765,2613.6,98.86938634155443,2406,2767,1113.6,98.86938634155442,906,1267,26124.2,993.4730103139304,24594,27762,113.9,50.60182254073903,25,196
non_local_activation,1.0,1.2,reference_ERK,2.0,0.8,1.0,1000.0,0.0,1000,1000,24.02783700161707,1.7342957743501763,20.817668874893123,26.717887241456662,41.82000910514031,3.1137965231810045,37.4281091525963,48.036118069205955,11952.3,875.2037286635991,10375,13371,0.42279999999999995,0.0216220052518519,0.376,0.451,0.9183038473982981,0.07948264652355451,0.7532051282051281,1.0268670309653913,0.8035826370036558,0.24701474162235718,0.3496189139181083,0.9999949808672347,3542.3,207.52833809171963,3210,3798,2042.3,207.52833809171963,1710,2298,17633.3,1031.230015294573,16070,19222,147.3,34.364225584174015,80,191
non_local_activation,1.0,1.2,reference_ERK,2.0,0.8,2.0,1000.0,0.0,1000,1000,18.033461132455162,0.9586715684045166,17.11704605659362,19.842811683483106,55.58627783440526,2.7984861398077587,50.396083778408624,58.42129516353041,9064.4,496.4852465078897,8456,9932,0.4345,0.0203810914547992,0.401,0.464,0.9630027270966973,0.07926030705265429,0.836811352253756,1.0820895522388057,0.6454045221942888,0.3210711102560444,0.11272076025715308,0.997494671991775,5327.3,370.42589602300285,4982,6157,3827.3,370.4258960230027,3482,4657,13338.1,1016.0870970979254,12258,15717,118.2,59.6672253232692,16,214
non_local_activation,1.0,1.2,reference_ERK,2.0,0.8,4.0,1000.0,0.0,1000,1000,14.029604468604811,0.951428059468815,12.176664401216687,15.080760475428463,71.58917139661986,5.110485071879667,66.30965339110917,82.12429669163588,7060.4,485.864224289507,6108,7598,0.4244,0.017790134594456813,0.399,0.458,0.9235334779060127,0.06786227691399871,0.8298668885191346,1.0562730627306272,0.8123349058903504,0.24582971130240183,0.2029316851813597,0.9983309402610698,8007.2,410.9827787687026,7188,8609,6507.2,410.9827787687026,5688,7109,10109.7,475.73126167336676,9131,10724,164.8,58.811941342251615,86,292
non_local_activation,1.0,1.2,strong_ERK_protection,1.0,0.4,0.25,1000.0,0.0,1000,1000,129.1026795519635,7.249113850891857,117.25459656794843,138.78968374877553,7.768519781271553,0.4506217921691139,7.205146470469009,8.52845030617205,64550.3,3573.7035582462945,58621,69225,0.4119,0.014309670389868056,0.391,0.438,0.8766341511170408,0.05231551933204522,0.8025451559934317,0.9741992882562275,0.9385972743157268,0.10595368325594218,0.6703800442413854,0.9997187014363905,4797.1,219.83299216551742,4438,5131,3297.1,219.83299216551742,2938,3631,96335.7,4148.981643461175,88941,101673,127.6,54.66300800765034,29,219
non_local_activation,1.0,1.2,strong_ERK_protection,1.0,0.4,0.5,1000.0,0.0,1000,1000,102.54701736896259,8.66714204559205,90.92645048500476,119.10681997023234,9.813506879063798,0.8166596598148402,8.395824859146806,10.997899892341184,51270.8,4261.081208644896,45588,59452,0.4042,0.016745148551147573,0.386,0.441,0.8495548626914452,0.06073019948419544,0.7858306188925079,0.9861359570661895,0.9511177050281863,0.12532355369307227,0.5986669532354663,0.9999187071764487,7649.1,594.1182916258718,6888,8727,6149.1,594.1182916258718,5388,7227,76599.5,5833.828117111438,69687,86894,174.3,72.92469479614647,98,328
non_local_activation,1.0,1.2,strong_ERK_protection,1.0,0.4,1.0,1000.0,0.0,1000,1000,84.66275871932856,7.06231596227309,73.5436855593204,94.25107146416681,11.886909694638424,1.006168066836634,10.609958958187427,13.597360431350687,42302.5,3540.457385705977,36658,47081,0.40549999999999997,0.027130343815653275,0.368,0.449,0.8566109675777728,0.09754142810630098,0.7278481012658227,1.0186025408348456,0.8845601993024659,0.19943775988079515,0.3977504445784189,0.9999995972306631,12467.9,655.6508979632379,11428,13273,10967.9,655.6508979632379,9928,11773,62173.1,3312.6263984270176,56182,66097,186.2,61.331159381762156,87,271
non_local_activation,1.0,1.2,strong_ERK_protection,1.0,0.4,2.0,1000.0,0.0,1000,1000,76.52378319856152,6.681725547941361,66.51562603413325,89.41794957612751,13.15636218666842,1.1319185494116049,11.183436935652754,15.03406131195155,38268.9,3285.2168015723605,33408,44510,0.3865,0.021339842756892307,0.35,0.421,0.7897062219033864,0.07084317003370971,0.6730769230769229,0.9088946459412779,0.9926456477412711,0.019801473825941256,0.9364394197391296,0.9999999994821999,22574.8,1491.4090131296794,20817,24968,21074.8,1491.4090131296794,19317,23468,56429.4,3621.8886785764134,52242,62279,203.9,73.03035898400974,109,387
non_local_activation,1.0,1.2,strong_ERK_protection,1.0,0.4,4.0,1000.0,0.0,1000,1000,68.98269738474839,4.258676228431404,63.54928911204203,76.32470778312978,14.545369997497712,0.8825755615445993,13.10191717787398,15.735817252604148,34503.2,2059.849282512356,31921,37893,0.392,0.041055517967205774,0.336,0.467,0.814693493216138,0.1446694834741892,0.6325301204819275,1.095215759849906,0.8614537805669892,0.30163929245671833,0.0803705381229382,0.9999999999988829,40727.1,2510.2165223121497,37858,45202,39227.1,2510.2165223121497,36358,43702,50933.4,3165.014347869886,47692,56592,137.5,54.69359093064642,65,241
non_local_activation,1.0,1.2,weak_ERK_protection,4.0,1.6,0.25,1000.0,0.0,1000,1000,41.97404383690355,1.14143471249059,40.2367991749012,43.28406550083801,23.84017764972264,0.6509758182764984,23.10319024862947,24.852871513293167,20980.0,522.1968551758574,20198,21579,0.4406,0.017154202594893968,0.414,0.466,0.9864316951655139,0.06868179254892037,0.8831058020477813,1.0908239700374531,0.5733121676372166,0.31730946300605556,0.0902651243377472,0.9757629594569542,1591.7,11.926161718395946,1578,1612,91.7,11.926161718395962,78,112,31706.6,756.8935342716447,29725,32319,144.7,76.33122267824324,19,299
non_local_activation,1.0,1.2,weak_ERK_protection,4.0,1.6,0.5,1000.0,0.0,1000,1000,22.51839949869188,0.8667844393838483,21.87301755542398,24.746765193312232,44.46364325269958,1.6034144984770826,40.40932187251076,45.71842899435812,11295.2,467.6289602285601,11005,12517,0.4474,0.01990086541948476,0.397,0.471,1.014539897490947,0.07738615272710726,0.8229684908789385,1.1129489603024572,0.3977273564899213,0.2775041164848986,0.04882490509842697,0.9989051723477118,1677.0,14.974051630144123,1654,1698,177.0,14.974051630144134,154,198,16853.7,474.93509498082426,16101,17806,127.8,53.750038759675945,60,203
non_local_activation,1.0,1.2,weak_ERK_protection,4.0,1.6,1.0,1000.0,0.0,1000,1000,12.379430454479522,0.5017983405628655,11.605269201051623,13.410868605906353,80.8961749772706,3.211431598958972,74.5663856224484,86.16775558376396,6180.8,287.5477931289567,5779,6637,0.43479999999999996,0.014234543274099894,0.417,0.456,0.9628746113425073,0.055954118892098045,0.8940823327615778,1.0477941176470584,0.6813455785495701,0.2728224210436431,0.24067358732729663,0.962565392557542,1856.5,56.661274253232264,1792,1965,356.5,56.66127425323225,292,465,9337.9,351.96699655886306,8785,9908,141.8,61.56261491811045,53,227
non_local_activation,1.0,1.2,weak_ERK_protection,4.0,1.6,2.0,1000.0,0.0,1000,1000,7.117808531973255,0.24272878995225225,6.813952892192808,7.659101938322779,140.63551156223394,4.657465002275307,130.56361020558293,146.75769202128848,3580.3,114.5581366235793,3434,3809,0.4426,0.018875027593798818,0.413,0.469,0.9948558755900925,0.0755345994830867,0.879471890971039,1.1040489642184554,0.5241618531918937,0.3508676942158961,0.06307245666383184,0.9791845312259937,2162.7,75.48075545756316,2096,2352,662.7,75.4807554575631,596,852,5403.4,190.9218571970102,5105,5780,157.2,64.588956744426,75,260
non_local_activation,1.0,1.2,weak_ERK_protection,4.0,1.6,4.0,1000.0,0.0,1000,1000,4.520429413811224,0.23532548118405883,4.276072995312376,4.924884632410336,221.74185640305078,11.189485871515002,203.05044171371384,233.8594315616794,2280.1,125.51976382670226,2097,2490,0.43920000000000003,0.020975117533772146,0.401,0.476,0.9817676104541656,0.08354065776977658,0.836811352253756,1.1354961832061068,0.5901708230025149,0.3246766801288118,0.02422305508228164,0.997494671991775,2725.6,97.44650954355536,2580,2876,1225.6,97.44650954355535,1080,1376,3438.7,184.65045055154587,3154,3793,145.9,53.286333457401,64,258
